ItemNumber,ArrayOrder,DatasetArray,5oclock shadow.yes/no,5oclock shadow.% value,age.number,age.% value,arched eyebrows.yes/no,arched eyebrows.% value,attractive.yes/no,attractive.% value,bags under eyes.yes/no,bags under eyes.% value,bald.yes/no,bald.% value,bangs.yes/no,bangs.% value,beard.yes/no,beard.% value,big lips.yes/no,big lips.% value,big nose.yes/no,big nose.% value,black hair.yes/no,black hair.% value,blond hair.yes/no,blond hair.% value,blurry.yes/no,blurry.% value,brown hair.yes/no,brown hair.% value,bushy eyebrows.yes/no,bushy eyebrows.% value,chubby.yes/no,chubby.% value,double chin.yes/no,double chin.% value,expression.expression,expression.% value,gender.male/female,gender.% value,glasses.yes/no,glasses.% value,goatee.yes/no,goatee.% value,gray hair.yes/no,gray hair.% value,heavy makeup.yes/no,heavy makeup.% value,high cheekbones.yes/no,high cheekbones.% value,mouth open.yes/no,mouth open.% value,mustache.yes/no,mustache.% value,narrow eyes.yes/no,narrow eyes.% value,oval face.yes/no,oval face.% value,pale skin.yes/no,pale skin.% value,pitch,pointy nose.yes/no,pointy nose.% value,race,receding hairline.yes/no,receding hairline.% value,rosy cheeks.yes/no,rosy cheeks.% value,sideburns.yes/no,sideburns.% value,straight hair.yes/no,straight hair.% value,wavy hair.yes/no,wavy hair.% value,wearing earrings.yes/no,wearing earrings.% value,wearing hat.yes/no,wearing hat.% value,wearing lipstick.yes/no,wearing lipstick.% value,wearing necklace.yes/no,wearing necklace.% value,wearing necktie.yes/no,wearing necktie.% value,yaw,young.yes/no,young.% value,chin size,color eyes.color,color eyes.% value,color hair.color,color hair.% value,color skin.color,color skin.% value,eyebrows corners,eyebrows position,eyebrows size,eyes corners,eyes distance,eyes position,eyes shape,glasses rim,hair beard,hair color type.color,hair color type.% value,hair forehead,hair length,hair mustache,hair sides,hair top,head shape,head width,mouth corners,mouth height,mouth width,nose shape,nose width,teeth visible ,color clothes middle.color,color clothes middle.% value,color clothes sides.color,color clothes sides.% value,color beard.color,color beard.% value,color mustache.color,color mustache.% value,color background.color,color background.% value
1,1,D1A1,0,89,17,60,0,66,0,20,0,3,0,21,0,83,0,88,0,54,0,51,0,49,0,26,1,28,0,32,0,999,0,66,0,61,smile,999,female,54,0,999,0,99,0,55,0,89,1,84,1,96,0,999,1,6,1,61,0,4,-8.51,0,72,white,1,46,0,999,0,999,1,44,0,999,0,25,0,89,0,61,0,55,0,66,10.29,1,43,small,4b3823,80,584421,71,936546,999,average,low,extra thin,average,close,extra low,round,0,none,blond,71,0,none,none,very thin,average,heart,narrow,extra raised,thick,extra wide,extra straight,extra wide,0,f5f8fd,5,999,999,999,999,999,999,999,999
2,2,D1A1,0,999,36,60,1,14,1,58,0,93,0,45,0,999,0,999,0,46,0,72,0,92,1,7,0,86,1,8,0,999,0,71,0,64,smile,999,female,93,0,999,0,999,0,55,1,61,1,94,1,999,0,999,0,999,1,999,0,17,-8,0,18,white,1,36,1,22,0,999,1,32,0,75,1,65,0,999,1,79,0,13,0,75,7.34,1,25,extra small,6d685d,66,664a2b,84,a8826e,999,average,extra low,extra thin,average,far,extra low,round,0,none,blond,84,0,none,none,thin,short,rect,wide,extra raised,extra thick,extra wide,extra straight,extra wide,1,fdfef6,29,999,999,999,999,999,999,999,999
3,3,D1A1,0,999,16,60,0,57,1,19,0,999,0,56,0,67,0,999,0,83,0,999,0,64,0,27,0,32,1,44,0,999,0,86,0,89,smile,999,female,99,0,999,0,0,0,71,0,22,1,70,1,86,0,999,0,999,1,999,0,34,-9.07,0,35,white,1,12,0,36,0,999,1,97,0,999,1,16,0,999,1,23,0,33,0,83,2.34,1,40,small,5d4839,74,544127,88,9f7055,999,average,low,extra thin,average,average,average,extra round,0,none,blond,88,0,none,none,very thin,short,rect,narrow,extra raised,extra thick,wide,extra straight,wide,1,493529,1,999,999,999,999,999,999,999,999
4,4,D1A1,0,98,34,60,1,21,0,0,0,69,0,26,0,999,0,97,0,27,0,41,0,1,0,72,0,66,0,26,0,73,0,46,0,63,smile,97,female,98,0,999,0,999,0,79,1,10,1,77,1,90,0,999,0,80,1,999,0,86,-9.04,0,42,white,1,88,0,17,0,999,1,70,0,999,1,74,0,96,1,36,0,15,0,87,3.64,1,71,large,614b43,62,543825,88,9c6b53,999,extra low,extra low,extra thin,average,close,low,extra round,0,none,brown light,88,0,none,none,very thin,very short,rect,extra narrow,extra raised,extra thick,extra wide,extra straight,average,1,3b2b22,1,999,999,999,999,999,999,999,999
5,5,D1A1,0,999,18,60,0,4,1,14,0,95,0,23,0,999,0,96,0,26,0,51,1,25,0,74,0,84,0,43,0,90,0,53,0,67,smile,72,female,97,0,999,0,98,0,79,1,22,1,50,1,999,0,999,0,999,1,999,0,52,-9.01,0,56,white,1,72,0,22,0,999,1,63,0,999,1,71,0,83,1,51,0,18,0,77,2.85,1,71,extra small,6d6761,75,4a3725,96,95694f,999,average,extra low,extra thin,average,average,low,extra round,0,none,blond,96,0,none,none,very thin,short,rect,wide,extra raised,extra thick,average,extra straight,extra narrow,1,2c221b,1,999,999,999,999,999,999,999,999
6,6,D1A1,0,16,41,60,0,60,0,10,0,44,0,16,0,97,0,37,0,54,0,36,0,90,0,58,0,53,1,47,0,999,0,63,0,48,smile,34,male,28,0,999,0,72,0,42,0,89,0,17,1,97,0,83,0,999,1,61,0,31,-8.81,0,44,white,1,84,0,91,0,78,1,12,0,95,0,23,0,999,0,73,0,70,0,25,-10.53,1,27,average,5f6065,36,816959,22,ac785e,999,average,extra low,extra thin,extra low,close,extra low,extra round,0,none,brown light,22,0,none,none,very thin,very short,average,narrow,extra raised,extra thick,average,extra straight,average,1,fcfcf4,13,999,999,999,999,999,999,fdf5fc,8
7,GT,D1A1,0,999,14,60,1,20,1,41,0,999,0,24,0,999,0,999,0,45,0,85,0,33,0,46,0,72,0,10,0,999,0,68,0,73,smile,85,female,97,0,999,0,999,0,71,1,64,1,66,1,75,0,999,0,999,1,999,0,30,-7.89,0,17,white,1,64,1,13,0,999,1,49,0,999,1,72,0,999,1,74,0,23,0,76,9.4,1,53,extra small,554c4f,83,563d2f,95,a37b68,999,average,extra low,extra thin,average,far,extra low,extra round,0,none,brown light,95,0,very short,none,thin,average,average,average,extra raised,average,small,extra straight,extra wide,1,df2ea,35,999,999,999,999,999,999,999,999
8,1,D1A2,0,96,16,60,1,26,1,64,0,999,0,48,0,999,0,88,0,36,0,999,0,73,1,33,0,999,0,2,0,82,0,92,0,999,smile,9,female,91,0,999,0,84,0,71,1,78,0,5,1,999,0,89,0,999,1,999,0,24,-9.5,1,16,white,1,7,1,13,0,78,1,999,0,999,0,9,0,999,1,95,0,18,0,67,5,1,80,extra small,48322d,57,654a33,75,c98e6c,999,low,low,extra thin,average,average,average,extra round,0,none,brown light,75,0,very long,none,average,short,average,average,extra raised,extra thick,small,extra straight,extra wide,1,796244,16,87714c,1,999,999,999,999,999,999
9,2,D1A2,0,95,19,60,0,4,1,7,0,999,0,42,0,999,0,98,0,29,0,80,0,65,0,42,0,69,1,53,0,999,0,78,0,84,smile,4,female,999,0,999,0,96,0,77,1,21,1,6,1,999,0,999,0,999,1,86,0,69,-9.23,0,28,white,1,65,0,23,0,999,1,50,0,999,1,51,0,999,1,54,0,5,0,90,0.95,1,59,extra small,372e1d,49,49351a,63,bf8a66,999,average,extra low,extra thin,average,average,average,extra round,0,none,blond,63,0,very long,none,average,short,rect,wide,extra raised,extra thick,average,extra straight,average,0,7a5c29,10,79633c,1,999,999,999,999,999,999
10,3,D1A2,0,93,17,60,1,25,1,999,0,999,0,73,0,31,0,92,0,52,0,999,0,71,1,25,0,999,0,3,0,25,0,999,0,999,smile,99,female,94,0,999,0,80,0,92,1,80,1,57,1,76,0,94,0,999,1,999,0,4,-9.33,0,6,white,0,59,1,25,0,86,1,999,0,999,1,7,0,999,1,89,0,22,0,68,-2.51,1,999,extra small,3e302a,54,6a482d,70,c68c6a,999,average,extra low,extra thin,average,far,extra low,extra round,0,none,brown light,70,0,very long,none,average,short,heart,average,extra raised,thick,wide,extra straight,extra wode,0,734f37,9,999,999,999,999,999,999,999,999
11,4,D1A2,0,999,36,60,0,32,0,27,0,56,0,47,0,999,0,999,0,30,0,28,0,43,0,73,0,52,1,68,0,75,0,30,0,64,smile,23,female,999,0,999,0,999,0,92,0,26,1,32,0,67,0,999,0,999,1,999,0,70,-9.24,0,999,white,1,11,0,72,0,999,1,76,0,94,0,24,0,96,1,25,0,6,0,88,1.95,1,69,extra small,3b291c,61,563a1f,68,a36b4b,999,average,extra low,extra thin,average,extra far,low,extra round,0,none,blond,68,0,very long,none,average,short,extra rect,narrow,average,thin,small,extra straight,average,0,694720,13,6d542a,2,999,999,999,999,999,999
12,5,D1A2,0,90,23,60,1,8,1,61,0,66,0,58,0,67,0,87,0,40,0,73,0,71,0,21,0,999,1,38,0,69,0,91,0,999,smile,91,female,97,0,999,0,78,0,90,1,60,1,78,1,89,0,93,0,85,1,999,0,64,-10.25,0,22,white,0,18,1,13,0,81,1,999,0,999,0,14,0,999,1,89,0,13,0,74,-0.4,1,88,extra large,2d2018,59,624e33,62,ab7150,999,low,extra low,extra thin,average,average,extra low,extra round,0,none,blond,62,0,long,none,average,short,heart,narrow,extra raised,extra thick,extra wide,extra straight,wide,1,5e432f,8,999,999,999,999,999,999,999,999
13,6,D1A2,0,94,23,60,1,18,1,62,0,999,0,65,0,67,0,87,0,21,0,89,0,77,1,88,0,999,0,67,0,62,0,999,0,999,smile,2,female,94,0,999,0,75,0,60,1,50,0,31,1,97,0,84,0,999,1,999,1,13,-9.47,0,16,white,0,22,0,33,0,76,1,89,0,80,0,18,0,999,1,79,0,10,0,77,-0.38,1,97,extra small,331c14,50,775c38,68,af7653,999,raised,extra low,extra thin,average,far,average,extra round,0,none,blond,68,0,very long,none,average,short,heart,wide,extra raised,extra thick,average,extra straight,extra wide,1,7c6743,6,78623c,1,999,999,999,999,999,999
14,GT,D1A2,0,95,15,60,1,11,1,97,0,999,0,76,0,97,0,93,0,22,0,999,0,91,1,999,0,999,0,70,0,71,0,999,0,999,neutral,85,female,92,0,999,0,87,0,72,1,70,0,56,0,89,0,94,0,999,1,85,1,29,-8.85,1,22,white,0,32,0,31,0,89,1,84,0,62,0,51,0,999,1,89,0,22,0,66,0.42,1,999,extra small,302217,52,7e5e3e,54,bf8c6f,999,low,extra low,extra thin,average,extra far,low,extra round,0,none,blond,54,0,none,none,thin,short,average,average,raised,average,extra small,extra straight,extra wide,1,8f683b,7,999,999,999,999,999,999,999,999
15,1,D1A3,0,90,19,60,0,92,0,79,0,72,0,78,1,20,0,999,0,78,0,7,0,80,0,999,1,13,1,999,0,53,1,13,0,1,smile,19,male,19,1,999,0,999,0,42,0,74,1,9,0,98,0,91,0,78,1,66,0,66,-8.51,0,91,white,0,85,0,65,0,999,0,50,1,46,0,59,0,74,0,54,0,36,0,41,0.5,0,47,large,6f594a,71,2f1708,95,b48260,999,average,low,extra thin,average,average,average,extra round,0,none,brown,95,1,very long,none,thick,short,rect,extra narrow,raised,extra thin,average,extra straight,extra wide,0,c3ad8d,6,f2f9fa,1,999,999,999,999,999,999
16,2,D1A3,0,15,25,60,0,41,0,27,0,77,0,82,0,999,0,38,0,53,0,2,0,999,0,78,0,31,1,87,1,16,0,35,0,11,smile,32,male,54,1,999,0,78,0,43,0,86,0,41,1,999,0,60,0,42,1,19,0,54,-9.01,0,5,white,0,38,0,64,0,77,0,999,1,96,0,43,0,91,0,72,0,50,0,28,-1.16,0,7,extra large,999,999,41271b,82,c27668,999,low,extra low,extra thin,average,close,average,extra round,0,none,brown,82,1,average,none,average,short,extra heart,extra narrow,extra raised,average,extra small,straight,extra wide,1,f5fcfd,5,f7feff,1,999,999,999,999,999,999
17,3,D1A3,1,50,29,60,0,53,1,28,1,45,0,87,0,73,1,17,0,31,1,32,0,42,0,95,0,95,1,73,1,47,0,67,0,52,smile,999,male,80,0,999,0,344,0,999,0,999,1,55,1,999,0,36,0,32,1,40,0,70,-10.31,0,45,white,0,64,0,83,0,31,1,49,0,46,0,999,0,999,0,92,0,81,0,10,-0.94,1,70,large,4b3124,60,322015,88,ae7a5b,999,kow,high,extra thin,average,average,high,average,0,none,brown,88,0,very long,none,average,short,heart,extra narrow,extra rasied,extra thick,wide,extra straight,extra wide,1,1d120e,6,999,999,999,999,999,999,999,999
18,4,D1A3,0,89,22,60,0,91,1,16,0,81,0,94,1,88,0,98,0,67,0,79,0,93,0,999,0,84,1,999,0,3,0,73,0,999,neutral,82,female,10,0,999,0,999,0,89,0,59,0,73,0,91,0,98,0,999,1,999,0,19,-9.44,0,60,white,0,999,0,86,0,96,0,7,1,2,0,63,0,91,0,27,0,65,0,60,2.65,1,70,extra large,2f2019,66,2b1405,99,a77557,999,average,extra low,extra thin,average,average,low,extra round,0,none,brown,99,1,long,none,average,short,extra rect,narrow,low,thin,small,extra straight,narrow,0,ebe1d5,2,999,999,999,999,999,999,999,999
19,5,D1A3,0,55,14,60,0,999,0,23,0,77,0,999,1,80,0,82,0,53,0,42,0,47,0,999,0,26,1,73,1,10,0,72,0,91,neutral,51,male,72,0,999,0,999,0,999,0,99,0,81,1,97,0,86,0,49,1,40,0,4,-8.46,0,70,white,0,999,0,999,0,999,0,65,1,65,0,999,0,51,0,93,0,65,0,50,3.04,1,75,average,39251b,58,180803,92,a47657,999,average,extra low,extra thin,average,average,average,extra round,0,none,black,92,1,long,none,average,short,average,narrow,average,thck,extra small,extra straight,wide,1,cfb199,14,999,999,999,999,999,999,999,999
20,6,D1A3,1,62,32,60,0,64,1,3,0,14,0,999,1,70,1,33,0,39,1,3,0,58,0,999,0,999,1,70,1,999,0,82,0,999,neutral,96,male,999,0,999,0,11,0,999,0,999,0,88,0,92,0,9,0,57,1,28,0,48,-9.82,0,16,white,0,999,0,77,0,4,0,51,1,55,0,85,0,71,0,999,0,87,0,11,-6.43,1,79,extra small,63443b,53,382117,90,bf6d58,999,low,extra low,extra thin,extra low,average,extra low,round,0,none,brown,90,1,average,none,average,short,rect,average,extra low,average,extra small,extra straight,extra wide,0,fdfef6,23,999,999,999,999,999,999,999,999
21,GT,D1A3,1,78,24,60,0,57,1,21,0,52,0,999,0,27,1,61,0,60,0,22,0,96,0,89,0,89,1,999,1,78,0,83,0,93,neutral,71,male,999,0,999,1,12,0,999,0,999,0,95,0,65,1,4,0,88,1,49,0,62,-9.41,0,14,white,0,999,0,80,80,17,0,84,1,76,0,82,0,77,0,999,0,86,0,18,0.97,1,68,extra small,4d2e26,46,4a3324,89,ce8f6b,999,average,average,extra thin,low,average,average,extra round,0,none,brown light,89,1,short,none,thin,short,extra rect,average,average,average,extra small,extra straight,narrow,0,fcfdf5,27,999,999,999,999,999,999,999,999
22,1,D1A4,1,4,38,60,0,30,0,73,1,54,1,33,0,999,1,27,1,16,1,70,1,64,0,999,0,60,0,999,1,53,1,62,1,38,smile,63,male,94,0,999,1,3,0,52,0,999,1,78,0,92,1,12,0,46,1,77,0,999,-9.63,0,96,white,1,75,0,90,0,27,0,28,0,999,0,42,0,47,0,999,0,92,1,29,4.53,1,5,small,352a29,94,463731,43,a16454,999,low,extra low,extra thin,average,close,high,extra round,0,thick,brown,43,0,none,thick,very thin,very short,extra rect,extra narrow,average,thin,small,extra straight,extra wide,0,6c4935,15,999,999,634a3c,91,5f342a,82,999,999
23,2,D1A4,0,24,38,60,0,97,0,61,0,1,0,59,0,999,0,60,0,73,0,17,1,80,0,98,0,27,0,79,0,8,1,4,0,34,neutral,93,male,89,0,999,0,97,0,68,0,86,0,61,0,83,0,64,0,48,1,40,0,77,-10.29,0,999,white,0,18,0,999,0,999,1,89,0,999,0,87,0,82,0,93,0,999,1,43,-2.15,1,13,extra large,45352c,89,352a21,92,a1694c,999,low,low,extra thin,extra low,close,average,round,0,none,brown,92,0,none,none,very thin,short,extra rect,narrow,extra low,extra thin,small,extra straight,wide,0,fdfef6,27,999,999,999,999,999,999,999,999
24,3,D1A4,1,24,38,60,0,99,0,72,1,11,0,20,0,94,0,9,0,58,0,7,0,62,0,85,0,69,1,6,0,41,0,21,0,48,neutral,999,male,99,0,999,0,55,0,36,0,999,0,74,0,80,0,46,0,999,1,38,0,69,-10.35,0,85,white,1,19,0,98,0,63,1,25,0,999,0,71,0,79,0,999,0,999,1,17,-1.85,1,4,extra large,362820,80,54483a,68,9b6749,999,average,extra high,extra thin,low,average,extra high,extra round,0,none,blond,68,0,none,none,very thin,short,extra rect,extra narrow,extra low,average,extra small,extra straight,extra wide,0,fef7f1,40,999,999,999,999,999,999,999,999
25,4,D1A4,1,15,43,60,0,58,0,74,0,4,0,11,0,89,1,22,0,12,1,27,1,86,0,999,0,55,0,999,1,4,1,16,0,18,neutral,80,male,999,0,999,0,16,0,68,0,92,0,53,0,83,0,2,0,999,1,54,0,80,-8.99,0,92,white,1,35,0,97,0,38,1,21,0,999,0,68,0,76,0,95,0,96,1,26,5.54,1,7,extra large,523f35,91,392925,60,996447,999,average,extra high,extra thin,average,average,extra high,average,0,none,brown,60,0,none,none,very thin,short,rect,extra narrow,average,average,small,extra straight,wide,0,592e1e,5,999,999,999,999,999,999,999,999
26,5,D1A4,1,59,28,60,0,46,0,9,1,72,0,43,0,95,1,74,0,5,1,70,1,999,0,999,0,69,0,999,1,40,1,18,1,21,smile,999,male,94,0,999,1,36,0,78,0,93,1,69,0,26,1,41,0,0,1,28,0,91,-8.72,0,53,white,0,10,0,82,1,29,1,18,0,73,0,82,0,83,0,93,0,91,1,39,-9.79,0,3,extra small,62433b,57,594133,22,ba6d4d,999,average,high,extra thin,average,extra far,extra low,average,0,thick,brown light,22,0,none,none,very thin,short,heart,narrow,extra raised,average,small,extra straight,extra wide,0,999,999,999,999,7a5644,63,999,999,999,999
27,6,D1A4,0,14,44,60,0,45,0,86,1,27,1,2,0,999,0,15,0,26,1,37,1,71,0,999,0,61,0,999,1,85,1,58,1,21,neutral,52,male,999,0,999,0,46,0,42,0,93,0,23,0,999,0,8,0,29,1,49,0,89,-9.41,0,999,white,1,23,0,999,0,69,1,30,0,999,0,69,0,46,0,999,0,999,0,61,2.59,0,7,extra large,48362f,94,33322e,95,96594d,999,low,average,extra thin,extra low,average,high,thin,0,none,black,95,0,none,none,very thin,very short,extra rect,average,extra low,extra thin,small,extra straight,extra narrow,0,fefbf6,29,999,999,999,999,999,999,999,999
30.0,GT,D1A4,1,38.0,44,60.0,0,69.0,0,77.0,1,0.0,0,3.0,0,999,1,33.0,0,77.0,1,9.0,1,50.0,0,999,0,43.0,0,92.0,0,0.0,1,28.0,1,10.0,neutral,85.0,male,999,0,999,0,7.0,0,23.0,0,94.0,0,74.0,0,98.0,1,13.0,0,61.0,1,20.0,0,999,-8.99,0,23.0,white,1,34.0,0,81.0,0,13.0,1,41.0,0,999,0,92.0,0,999,0,99.0,0,999,1,80.0,3.59,0,58.0,extra small,623734,93.0,44291f,94.0,9a604e,999,average,extra low,extra thin,low,close,average,extra round,0,none,brown,94.0,0,none,none,very thin,short,extra rect,average,average,thin,extra small,extra straight,extra wide,0,999.0,999.0,999.0,999.0,999.0,999.0,999.0,999.0,999.0,999.0
31.0,1.0,D1A5,0,68.0,25,60.0,1,7.0,0,71.0,1,6.0,0,6.0,0,999,0,46.0,1,59.0,1,61.0,1,96.0,0,999,0,41.0,0,90.0,0,4.0,1,26.0,1,2.0,smile,99.0,female,43.0,0,999,0,49.0,0,95.0,0,63.0,1,999,1,999,0,54.0,0,93.0,1,99.0,0,999,-9.45,0,999,black,1,89.0,0,72.0,0,90.0,0,21.0,0,75.0,1,33.0,0,59.0,0,30.0,0,5.0,0,77.0,-2.81,1,71.0,extra large,302b2c,85.0,151517,73.0,603e2e,999,low,extra low,extra thin,average,average,extra low,round,0,none,black,73.0,0,very long,none,average,short,extra rect,extra narrow,raised,extra thick,wide,extra straight,narrow,1,141215,18.0,131315,2.0,999.0,999.0,999.0,999.0,999.0,999.0
32.0,2.0,D1A5,0,999,15,60.0,1,30.0,0,63.0,0,37.0,0,30.0,0,84.0,0,73.0,1,77.0,1,44.0,1,51.0,0,82.0,0,58.0,0,15.0,0,52.0,0,10.0,0,40.0,smile,22.0,female,91.0,0,999,0,68.0,0,98.0,0,6.0,1,33.0,1,81.0,0,74.0,0,99.0,1,63.0,0,67.0,-8.9,0,999,black,1,62.0,0,75.0,0,96.0,1,25.0,0,55.0,1,34.0,0,96.0,1,35.0,1,28.0,0,999,2.38,1,88.0,extra small,625a58,55.0,171213,74.0,5a4024,999,average,extra low,extra thin,average,far,extra low,extra round,0,none,black,74.0,0,very long,none,average,short,average,narrow,extra raised,extra thick,small,extra straight,wide,1,221816,15.0,201611,2.0,999.0,999.0,999.0,999.0,999.0,999.0
33.0,3.0,D1A5,0,84.0,15,60.0,1,73.0,0,79.0,1,20.0,0,9.0,0,999,0,43.0,1,999,1,999,1,999,0,999,0,43.0,0,96.0,1,10.0,1,52.0,1,25.0,smile,95.0,female,61.0,0,999,0,34.0,0,92.0,0,4.0,1,999,1,95.0,0,39.0,0,8.0,1,61.0,0,999,-8.87,0,999,black,1,999,0,54.0,0,75.0,0,60.0,0,25.0,1,69.0,0,56.0,1,20.0,1,28.0,0,84.0,1.86,1,60.0,large,46453f,50.0,131011,98.0,4c2f25,999,low,extra low,extra thin,average,average,extra low,extra round,0,none,black,98.0,0,very long,none,average,short,rect,average,extra raised,extra thick,wide,extra straight,extra narrow,1,120f10,7.0,999.0,999.0,999.0,999.0,999.0,999.0,999.0,999.0
34.0,4.0,D1A5,0,86.0,16,60.0,1,5.0,0,80.0,0,58.0,1,7.0,0,999,0,43.0,1,64.0,1,20.0,1,76.0,0,89.0,0,30.0,0,80.0,0,37.0,1,0.0,0,33.0,smile,40.0,female,55.0,0,999,0,42.0,0,99.0,0,43.0,1,50.0,1,90.0,0,50.0,0,80.0,1,91.0,0,66.0,-9.17,0,999,black,1,999,0,91.0,0,83.0,0,12.0,0,98.0,1,53.0,0,63.0,0,16.0,0,13.0,0,90.0,-1.2,1,82.0,average,51514d,56.0,1b1819,98.0,543727.0,543727.0,average,extra low,extra thin,average,average,low,extra round,0,none,black,98.0,0,short,none,thin,short,extra rect,extra narrow,extra raised,extra thick,extra small,extra straight,narrow,1,130d09,2.0,999.0,999.0,999.0,999.0,999.0,999.0,999.0,999.0
35.0,5.0,D1A5,0,89.0,38,60.0,1,7.0,0,63.0,1,0.0,0,22.0,0,98.0,0,52.0,1,70.0,1,45.0,1,999,0,999,0,37.0,0,97.0,1,10.0,1,15.0,0,23.0,smile,81.0,female,58.0,0,999,0,50.0,0,999,0,52.0,1,85.0,1,78.0,0,55.0,0,30.0,1,77.0,0,72.0,-9.7,0,999,black,1,58.0,0,999,0,90.0,1,9.0,0,89.0,1,34.0,0,48.0,0,21.0,0,7.0,0,85.0,4.27,1,95.0,extra large,292a26,84.0,121414,79.0,583b2b,999,average,extra low,extra thin,average,average,extra low,extra round,0,none,black,79.0,1,very short,none,thin,very short,extra rect,extra narrow,extra raised,extra thick,average,extra straight,narrow,0,a7a29e,2.0,999.0,999.0,999.0,999.0,999.0,999.0,999.0,999.0
36.0,6.0,D1A5,0,73.0,23,60.0,1,91.0,0,87.0,1,16.0,0,10.0,0,87.0,0,50.0,1,999,1,999,1,999,0,999,0,69.0,0,999,0,7.0,1,49.0,1,26.0,smile,95.0,female,66.0,0,999,0,40.0,0,88.0,1,20.0,1,999,1,99.0,0,44.0,0,26.0,1,48.0,0,999,-8.98,0,999,black,1,999,0,18.0,0,79.0,0,26.0,0,51.0,1,89.0,0,59.0,1,46.0,1,44.0,0,84.0,2.59,1,48.0,average,1a2224,38.0,171312,85.0,6b422b,999,average,extra low,extra thin,average,average,high,extra round,0,none,black,85.0,1,very long,none,average,very short,extra rect,extra narrow,extra raised,extra thick,wide,extra straight,extra wide,1,181614,13.0,100f09,1.0,999.0,999.0,999.0,999.0,999.0,999.0
37.0,GT,D1A5,0,67.0,31,60.0,0,51.0,0,98.0,0,65.0,0,26.0,0,60.0,0,3.0,1,54.0,1,19.0,1,999,0,92.0,1,12.0,0,87.0,0,27.0,1,3.0,0,41.0,neutral,27.0,male,9.0,0,999,0,12.0,0,999,0,78.0,1,21.0,1,38.0,0,6.0,0,89.0,1,74.0,0,63.0,-8.78,0,999,black,1,20.0,0,999,0,46.0,0,3.0,0,61.0,0,30.0,0,73.0,0,63.0,0,38.0,0,90.0,-3.36,1,70.0,average,4e4e45,69.0,161918,81.0,52382b,999,average,extra low,extra thin,average,far,extra low,extra round,0,none,black,81.0,0,none,none,thin,very short,extra rect,extra narrow,average,extra thick,extra small,extra straight,extra narrow,0,181816,9.0,999.0,999.0,999.0,999.0,999.0,999.0,999.0,999.0
38.0,1.0,D1A6,0,63.0,24,60.0,0,78.0,0,85.0,0,74.0,0,53.0,0,999,0,55.0,0,24.0,1,7.0,1,999,0,999,1,32.0,0,77.0,0,12.0,1,23.0,0,27.0,neutral,91.0,male,44.0,1,999,0,72.0,0,88.0,0,98.0,0,58.0,0,999,0,47.0,0,48.0,1,24.0,0,76.0,-9.14,0,999,white,1,3.0,0,999,0,99.0,1,20.0,0,49.0,0,62.0,0,58.0,0,95.0,0,62.0,0,43.0,-5.88,1,25.0,small,392d25,999,1f1e18,93.0,8d5b42,999,average,extra low,extra thin,average,average,extra low,extra round,0,none,brown,93.0,0,very long,none,average,short,extra rect,average,average,average,extra small,extra straight,wide,0,1f1914,13.0,999.0,999.0,999.0,999.0,999.0,999.0,999.0,999.0
39.0,2.0,D1A6,0,72.0,34,60.0,0,30.0,1,28.0,0,28.0,0,98.0,0,999,0,999,0,45.0,0,40.0,1,91.0,0,999,0,83.0,0,64.0,1,53.0,0,61.0,0,92.0,neutral,999,male,19.0,0,999,0,999,0,999,0,80.0,0,81.0,0,999,0,999,0,51.0,1,46.0,1,2.0,-10.38,0,78.0,white,0,24.0,0,999,0,999,1,64.0,0,74.0,0,43.0,0,999,0,57.0,0,89.0,0,9.0,-1.55,1,96.0,extra small,5c4c42,58.0,26201b,87.0,b27d60,999,average,average,extra thin,average,average,high,extra round,0,none,brown,87.0,0,long,none,thick,short,average,extra narrow,average,thin,extra small,extra straight,extra wide,0,fdfef6,35.0,999.0,999.0,999.0,999.0,999.0,999.0,999.0,999.0
40.0,3.0,D1A6,0,999,31,60.0,0,44.0,1,9.0,0,999,0,77.0,0,83.0,0,999,0,70.0,0,999,1,39.0,0,999,0,55.0,0,10.0,0,2.0,0,77.0,0,999,neutral,87.0,female,58.0,0,999,0,999,0,999,0,53.0,0,84.0,0,999,0,999,0,999,1,999,0,27.0,-9.29,0,45.0,white,0,26.0,0,99.0,0,999,1,86.0,0,999,0,43.0,0,999,0,17.0,0,61.0,0,62.0,4.44,1,93.0,extra small,5f4847,69.0,34322b,999,9d715d,999,average,extra low,extra thin,average,average,high,extra round,0,none,black,999,0,very long,none,average,short,rect,average,raised,average,extra small,extra straight,extra wide,0,392f28,14.0,2c2420,1.0,999.0,999.0,999.0,999.0,999.0,999.0
41.0,4.0,D1A6,0,88.0,44,60.0,0,14.0,0,68.0,1,36.0,0,6.0,0,92.0,0,51.0,1,18.0,1,37.0,1,999,0,999,0,13.0,0,94.0,1,4.0,1,57.0,1,7.0,smile,65.0,female,11.0,0,999,0,53.0,0,97.0,0,73.0,1,999,0,70.0,0,48.0,0,0.0,1,999,0,999,-9.66,0,999,white,1,58.0,0,92.0,0,90.0,1,10.0,0,999,1,16.0,0,64.0,0,60.0,0,50.0,0,38.0,-3.48,1,48.0,extra small,2e2523,81.0,22221c,999,8b5639,999,average,extra low,extra thin,average,extra far,extra low,thin,0,none,black,999,0,none,none,thin,very short,extra rect,narrow,average,average,wide,extra straight,average,0,999.0,999.0,999.0,999.0,999.0,999.0,999.0,999.0,999.0,999.0
42.0,5.0,D1A6,0,999,16,60.0,1,4.0,1,93.0,0,25.0,0,999,0,999,0,999,0,18.0,0,57.0,0,0.0,0,999,0,91.0,1,27.0,1,26.0,0,97.0,0,999,smile,999,female,91.0,0,999,0,96.0,0,999,1,78.0,1,999,1,93.0,0,999,0,40.0,1,94.0,0,38.0,-8.85,0,10.0,white,0,52.0,0,10.0,0,96.0,0,1.0,1,31.0,0,45.0,0,999,1,92.0,0,26.0,0,95.0,-1.94,1,999,extra small,383328,58.0,38281f,999,ad8868,999,average,extra low,extra thin,average,extra far,extra low,round,0,none,brown,999,0,long,none,average,short,rect,wide,extra raised,average,wide,extra straight,extra wide,1,fcfdf5,47.0,999.0,999.0,999.0,999.0,999.0,999.0,999.0,999.0
43.0,6.0,D1A6,0,52.0,18,60.0,0,64.0,1,15.0,0,56.0,0,82.0,0,75.0,0,74.0,0,35.0,0,47.0,1,999,0,86.0,0,63.0,0,87.0,0,4.0,0,74.0,0,999,neutral,78.0,male,9.0,0,999,0,97.0,0,999,0,83.0,0,61.0,0,92.0,0,92.0,0,999,1,69.0,0,28.0,-10.14,0,87.0,hispanic,0,18.0,0,999,0,999,1,85.0,0,999,0,48.0,0,90.0,0,60.0,0,73.0,0,39.0,1.16,1,999,extra small,3f2d23,56.0,282624,88.0,b58263,999,low,extra low,extra thin,average,far,low,extra round,0,none,black,88.0,0,none,none,thin,short,rect,average,extra raised,average,extra small,extra straight,extra wide,0,fdfef6,40.0,999.0,999.0,999.0,999.0,999.0,999.0,999.0,999.0
44.0,GT,D1A6,0,76.0,18,60.0,1,1.0,1,19.0,0,77.0,0,69.0,0,82.0,0,87.0,0,11.0,0,39.0,1,89.0,0,999,0,999,0,74.0,1,67.0,0,67.0,0,999,neutral,91.0,female,27.0,0,999,0,94.0,0,999,0,46.0,0,87.0,0,999,0,95.0,0,999,1,76.0,0,26.0,-9.16,0,51.0,white,0,5.0,0,999,0,999,1,93.0,0,999,0,23.0,0,89.0,0,23.0,0,48.0,0,52.0,6.65,1,999,extra small,3c2d24,56.0,27261e,86.0,a0745b,999,extra low,extra low,extra thin,average,average,extra low,extra round,0,none,brown,86.0,0,very long,none,average,short,rect,average,low,thin,extra small,extra straight,extra wide,0,453729,8.0,999.0,999.0,999.0,999.0,999.0,999.0,999.0,999.0
45.0,1.0,D1A7,0,59.0,18,60.0,0,34.0,0,24.0,1,14.0,0,35.0,0,999,0,80.0,0,5.0,1,14.0,1,98.0,0,999,0,86.0,0,999,1,35.0,0,13.0,0,45.0,neutral,81.0,male,39.0,0,999,0,999,0,84.0,0,93.0,0,30.0,0,999,0,85.0,0,98.0,1,61.0,0,43.0,-9.71,0,98.0,white,1,57.0,0,999,0,999,1,17.0,0,999,0,18.0,0,94.0,0,79.0,0,87.0,0,1.0,-4.34,1,63.0,extra small,302927,86.0,3c2e26,27.0,89573b,999,average,extra low,extra thin,average,average,low,extra round,0,none,brown,27.0,0,none,none,very thin,short,rect,extra narrow,average,thin,small,extra straight,wide,0,f7feff,45.0,999.0,999.0,999.0,999.0,999.0,999.0,999.0,999.0
46.0,2.0,D1A7,0,92.0,23,60.0,0,36.0,1,25.0,0,25.0,0,57.0,0,77.0,0,999,0,41.0,0,20.0,1,83.0,0,999,0,95.0,0,67.0,1,7.0,0,34.0,0,47.0,smile,999,female,32.0,0,999,0,999,0,999,0,43.0,1,84.0,1,96.0,0,999,0,90.0,1,999,0,45.0,-10.16,0,93.0,asian,1,14.0,0,63.0,0,999,1,88.0,0,999,1,16.0,0,95.0,0,20.0,0,55.0,0,31.0,-3.29,1,82.0,extra small,342418,58.0,1a1009,999,996d46,999,average,extra low,extra thin,average,average,low,extra round,0,none,black,999,0,none,none,very thin,short,rect,average,extra raised,thick,wide,extra straight,average,0,fef2e6,26.0,999.0,999.0,999.0,999.0,999.0,999.0,999.0,999.0
47.0,3.0,D1A7,0,999,20,60.0,1,19.0,0,9.0,0,39.0,0,58.0,0,84.0,0,999,0,4.0,0,37.0,1,999,0,98.0,0,55.0,0,999,0,2.0,0,30.0,0,76.0,neutral,94.0,female,92.0,0,999,0,999,0,97.0,0,3.0,0,38.0,0,999,0,96.0,0,49.0,1,70.0,0,43.0,-9.71,0,91.0,hispanic,1,34.0,0,999,0,999,1,37.0,0,83.0,1,35.0,0,999,1,28.0,0,36.0,0,72.0,3.22,1,77.0,extra small,35302c,82.0,161815,92.0,85523c,999,average,extra low,extra thin,average,average,extra low,extra round,0,none,black,92.0,0,none,none,very thin,short,average,average,average,average,small,extra straight,wide,0,fde9dd,28.0,999.0,999.0,999.0,999.0,999.0,999.0,999.0,999.0
48.0,4.0,D1A7,0,999,15,60.0,0,1.0,1,55.0,0,46.0,0,77.0,0,60.0,0,999,0,50.0,0,77.0,1,91.0,0,95.0,0,89.0,0,75.0,1,20.0,0,71.0,0,999,neutral,71.0,female,88.0,0,999,0,999,0,999,1,12.0,0,44.0,0,999,0,999,0,78.0,1,999,0,8.0,-9.67,0,72.0,white,0,19.0,0,999,0,999,1,79.0,0,92.0,0,3.0,0,999,1,41.0,0,56.0,0,59.0,2.94,1,999,extra small,402f27,53.0,26201b,86.0,b07b5c,999,average,extra low,extra thin,average,far,extra low,extra round,0,none,brown,86.0,0,none,none,very thin,average,average,wide,extra raised,thin,extra small,extra straight,extra wide,0,fdf7ed,33.0,999.0,999.0,999.0,999.0,999.0,999.0,999.0,999.0
49.0,5.0,D1A7,0,93.0,14,60.0,1,79.0,0,46.0,0,9.0,0,16.0,0,999,0,61.0,1,66.0,1,45.0,1,999,0,999,0,80.0,0,999,1,19.0,1,10.0,0,39.0,neutral,46.0,female,75.0,0,999,0,53.0,0,95.0,1,22.0,1,10.0,0,90.0,0,54.0,0,41.0,1,62.0,0,95.0,-9.42,0,90.0,hispanic,1,999,0,61.0,0,80.0,1,20.0,0,94.0,1,74.0,0,97.0,1,37.0,0,2.0,0,75.0,0.57,1,79.0,extra small,26231f,89.0,29241d,87.0,804d34,999,average,extra low,extra thin,average,far,extra low,extra round,0,none,brown,87.0,0,none,none,very thin,short,extra rect,wide,extra raised,average,small,extra straight,extra wide,0,fdfef6,42.0,999.0,999.0,999.0,999.0,999.0,999.0,999.0,999.0
50.0,6.0,D1A7,0,999,14,60.0,1,7.0,0,31.0,0,37.0,0,61.0,0,86.0,0,999,0,1.0,0,42.0,1,96.0,0,999,0,68.0,0,72.0,1,20.0,0,32.0,0,84.0,neutral,98.0,female,87.0,0,999,0,999,0,999,0,4.0,0,30.0,0,81.0,0,99.0,0,42.0,1,63.0,0,75.0,-9.73,0,82.0,white,1,13.0,0,87.0,0,999,1,61.0,0,999,1,37.0,0,72.0,1,21.0,0,36.0,0,82.0,-0.86,1,88.0,small,201e1a,83.0,171916,86.0,88583f,999,average,extra low,extra thin,average,average,average,extra round,0,none,black,86.0,0,none,none,very thin,very short,extra rect,extra narrow,low,average,extra small,extra straight,average,0,fdf1e7,30.0,999.0,999.0,999.0,999.0,999.0,999.0,999.0,999.0
51.0,GT,D1A7,0,999,17,60.0,0,20.0,1,7.0,0,99.0,0,65.0,0,80.0,0,999,0,34.0,0,80.0,1,999,0,92.0,0,34.0,0,999,0,53.0,0,62.0,0,97.0,neutral,89.0,female,79.0,0,999,0,999,0,999,0,34.0,0,66.0,0,93.0,0,999,0,999,1,76.0,0,16.0,-9.5,0,66.0,white,1,17.0,0,999,0,999,1,41.0,0,999,1,13.0,0,85.0,1,2.0,0,41.0,0,73.0,0.45,1,79.0,extra small,534939,82.0,232016,95.0,876044.0,876044.0,average,low,extra thin,average,far,low,extra round,0,none,brown,95.0,0,none,none,very thin,short,extra rect,extra wide,raised,average,extra small,extra straight,average,0,fef6ee,27.0,999.0,999.0,999.0,999.0,999.0,999.0,999.0,999.0
52.0,1.0,D1A8,0,999,19,60.0,0,7.0,1,10.0,0,51.0,0,67.0,0,82.0,0,999,0,40.0,0,66.0,1,90.0,0,98.0,0,49.0,0,60.0,0,48.0,0,54.0,0,96.0,neutral,88.0,female,90.0,0,999,0,999,0,999,0,27.0,0,57.0,0,93.0,0,999,0,87.0,1,96.0,0,33.0,-10.17,0,999,hispanic,1,14.0,0,999,0,999,1,88.0,0,999,0,20.0,0,999,1,14.0,0,39.0,0,65.0,1.44,1,88.0,extra small,2f2619,54.0,26241e,95.0,b4754b,999,average,extra low,extra thin,average,extra far,extra low,extra round,0,none,brown,95.0,0,none,none,thin,short,rect,wide,average,thin,small,extra straight,extra wide,0,362b1d,22.0,171511,2.0,999.0,999.0,999.0,999.0,999.0,999.0
53.0,2.0,D1A8,0,999,25,60.0,0,2.0,1,19.0,0,65.0,0,90.0,0,80.0,0,999,0,23.0,0,59.0,1,94.0,0,999,0,91.0,0,74.0,1,61.0,0,73.0,0,999,neutral,999,female,70.0,0,999,0,999,0,999,0,24.0,0,73.0,0,999,0,999,0,999,1,73.0,0,50.0,-9.65,0,52.0,white,0,21.0,0,95.0,0,999,1,74.0,0,999,0,2.0,0,999,1,9.0,0,29.0,0,75.0,3.44,1,999,extra small,55473d,74.0,27261f,77.0,a8704f,999,average,extra low,extra thin,average,average,average,extra round,0,none,brown,77.0,0,none,none,average,short,heart,narrow,raised,thin,extra small,extra straight,extra wide,0,6f472d,12.0,999.0,999.0,999.0,999.0,999.0,999.0,999.0,999.0
54.0,3.0,D1A8,0,93.0,29,60.0,0,62.0,0,81.0,0,34.0,0,60.0,0,63.0,0,999,0,58.0,1,13.0,1,999,0,999,1,1.0,0,68.0,0,21.0,1,28.0,1,15.0,smile,999,female,9.0,1,999,0,999,0,63.0,0,77.0,1,98.0,1,92.0,0,999,0,46.0,1,80.0,0,999,-9.3,0,82.0,white,0,8.0,0,51.0,0,999,1,50.0,0,80.0,0,15.0,0,85.0,0,51.0,0,32.0,0,29.0,7.08,0,13.0,extra small,4f3926,75.0,261910,76.0,ad7352,999,extra low,extra low,extra thin,raised,average,extra low,extra round,0,none,brown,76.0,0,very long,none,thin,short,heart,extra narrow,extra raised,extra thick,average,extra straight,extra wide,1,261b12,14.0,999.0,999.0,999.0,999.0,999.0,999.0,999.0,999.0
55.0,4.0,D1A8,0,999,26,60.0,1,27.0,1,9.0,0,15.0,0,75.0,0,84.0,0,999,0,6.0,0,36.0,1,999,0,97.0,0,70.0,0,90.0,1,21.0,0,46.0,0,95.0,neutral,89.0,female,93.0,0,999,0,98.0,0,999,0,4.0,0,41.0,0,999,0,96.0,0,52.0,1,63.0,0,53.0,-9.39,0,86.0,hispanic,0,2.0,0,999,0,999,1,62.0,0,90.0,1,18.0,0,91.0,1,30.0,0,20.0,0,89.0,3.07,1,999,extra small,5b4743,50.0,191b1b,92.0,a97251,999,average,extra low,thin,average,far,extra low,extra round,0,none,black,92.0,0,average,none,average,short,rect,extra wide,low,average,extra small,extra straight,average,0,4b3a30,5.0,999.0,999.0,999.0,999.0,999.0,999.0,999.0,999.0
56.0,5.0,D1A8,0,999,23,60.0,1,11.0,1,35.0,0,71.0,0,76.0,0,999,0,999,0,32.0,0,50.0,1,47.0,0,999,0,84.0,0,16.0,1,9.0,0,64.0,0,85.0,smile,96.0,female,999,0,999,0,999,0,999,1,48.0,1,86.0,1,82.0,0,999,0,67.0,1,999,0,999,-9.77,0,26.0,white,0,7.0,1,6.0,0,999,1,98.0,0,999,1,12.0,0,90.0,1,73.0,0,6.0,0,95.0,6.17,1,999,extra large,45352a,65.0,332013,89.0,a36d4e,999,average,extra low,extra thin,low,average,extra low,extra round,0,none,brown,89.0,1,very long,none,average,short,rect,narrow,extra raised,extra thick,extra wide,extra straight,extra narrow,1,3c2215,16.0,26150b,2.0,999.0,999.0,999.0,999.0,999.0,999.0
57.0,6.0,D1A8,0,99.0,25,60.0,0,17.0,1,43.0,0,52.0,0,88.0,0,75.0,0,999,0,32.0,0,51.0,1,999,0,999,0,98.0,0,80.0,1,58.0,0,68.0,0,999,neutral,92.0,female,49.0,0,999,0,999,0,999,0,24.0,0,72.0,0,93.0,0,98.0,0,92.0,1,89.0,0,14.0,-9.66,0,82.0,white,0,31.0,0,999,0,999,1,999,0,999,0,38.0,0,999,1,1.0,0,60.0,0,55.0,0.74,1,999,extra small,3f2f27,73.0,3d352c,90.0,b98064,999,average,extra low,extra thin,average,average,extra low,extra round,0,none,brown,90.0,0,very long,none,average,short,average,average,extra raised,average,extra small,extra straight,wide,0,332e28,17.0,999.0,999.0,999.0,999.0,999.0,999.0,999.0,999.0
58.0,GT,D1A8,0,999,19,60.0,0,36.0,0,1.0,0,88.0,0,79.0,0,66.0,0,999,0,39.0,0,89.0,1,61.0,0,86.0,0,20.0,0,33.0,0,72.0,0,76.0,0,999,neutral,84.0,female,94.0,0,999,0,999,0,999,0,41.0,0,62.0,0,89.0,0,999,0,999,1,76.0,0,44.0,-7.91,0,73.0,white,0,11.0,0,999,0,999,1,81.0,0,999,0,19.0,0,999,1,2.0,0,25.0,0,92.0,-15.35,1,84.0,extra small,372621,65.0,3e332c,82.0,9e6a52,999,average,average,extra thin,low,extra far,extra low,extra round,0,none,brown,82.0,0,long,none,thin,short,extra rect,extra wide,extra raised,extra thin,extra small,extra straight,extra wide,0,faeee4,15.0,999.0,999.0,999.0,999.0,999.0,999.0,999.0,999.0
59.0,1.0,D1A9,1,43.0,23,60.0,0,44.0,0,10.0,0,65.0,0,61.0,0,95.0,1,29.0,0,32.0,0,28.0,1,999,0,999,0,999,0,999,1,999,0,42.0,0,74.0,neutral,79.0,male,999,0,999,0,10.0,0,999,0,88.0,0,82.0,0,98.0,0,2.0,0,999,1,71.0,0,65.0,-9.17,0,52.0,white,0,32.0,0,93.0,0,25.0,1,62.0,0,999,0,66.0,0,72.0,0,97.0,0,999,1,31.0,5.65,1,82.0,extra large,3a251d,62.0,161717,76.0,764738.0,764738.0,extra low,low,extra thin,low,close,high,extra round,0,none,black,76.0,0,none,none,very thin,very short,extra rect,average,extra low,average,extra small,extra straight,extra narrow,0,fbf6f0,16.0,999.0,999.0,999.0,999.0,999.0,999.0,999.0,999.0
60.0,2.0,D1A9,1,18.0,25,60.0,0,2.0,0,13.0,1,26.0,0,66.0,0,70.0,1,5.0,1,40.0,1,85.0,1,999,0,999,0,999,0,999,1,999,1,24.0,1,9.0,smile,78.0,male,999,0,999,0,22.0,0,999,0,97.0,1,57.0,0,86.0,0,4.0,0,63.0,1,72.0,0,78.0,-10.28,0,999,asian,0,37.0,0,86.0,0,43.0,1,28.0,0,79.0,0,46.0,0,46.0,0,94.0,0,66.0,1,18.0,0.41,1,70.0,extra small,52432e,38.0,1f1d16,999,a17154,999,average,extra low,thin,extra low,extra far,extra low,round,0,none,brown,999,0,none,none,very thin,short,extra rect,extra narrow,extra raised,thin,wide,extra straight,wide,0,999.0,999.0,999.0,999.0,999.0,999.0,999.0,999.0,999.0,999.0
61.0,3.0,D1A9,1,16.0,21,60.0,0,38.0,0,28.0,0,5.0,0,90.0,0,999,0,3.0,1,1.0,1,6.0,1,999,0,999,0,91.0,0,79.0,1,999,0,36.0,0,85.0,neutral,999,male,90.0,0,999,0,30.0,0,999,0,96.0,0,68.0,0,92.0,0,18.0,0,60.0,1,46.0,0,79.0,-10.27,0,999,hispanic,0,47.0,0,999,0,45.0,1,68.0,0,999,0,60.0,0,74.0,0,99.0,0,94.0,0,9.0,-0.73,1,999,large,3b261c,58.0,181615,97.0,c08666,999,average,extra low,extra thin,low,average,average,extra round,0,none,black,97.0,0,none,none,very thin,short,extra rect,extra narrow,average,average,extra small,extra straight,narrow,0,fff8f2,41.0,999.0,999.0,999.0,999.0,999.0,999.0,999.0,999.0
62.0,4.0,D1A9,1,53.0,30,60.0,0,37.0,0,14.0,0,8.0,0,78.0,0,999,1,67.0,1,1.0,1,4.0,1,999,0,999,0,83.0,0,83.0,1,999,0,39.0,0,92.0,neutral,999,male,999,0,999,1,40.0,0,999,0,96.0,0,80.0,0,999,1,38.0,0,42.0,1,23.0,0,76.0,-9.96,0,89.0,white,0,54.0,0,999,1,29.0,1,60.0,0,999,0,64.0,0,64.0,0,98.0,0,95.0,1,1.0,-1.24,1,99.0,average,6b5041,56.0,1b1610,79.0,b78264,999,average,average,extra thin,average,average,low,average,0,thick,black,79.0,0,none,none,very thin,short,extra rect,narrow,average,average,extra small,extra straight,extra wide,0,fcf0e7,19.0,999.0,999.0,725745,55.0,999.0,999.0,999.0,999.0
63.0,5.0,D1A9,1,77.0,42,60.0,0,43.0,0,34.0,0,15.0,0,42.0,0,999,1,999,1,10.0,1,24.0,1,97.0,0,999,0,999,0,999,1,999,0,19.0,0,67.0,neutral,999,male,999,0,999,1,82.0,0,999,0,96.0,0,76.0,0,93.0,1,74.0,0,999,1,33.0,0,999,-10.41,0,51.0,white,0,25.0,0,94.0,1,70.0,1,16.0,0,999,0,56.0,0,49.0,0,999,0,88.0,1,6.0,-0.25,1,61.0,large,433028,75.0,463529,79.0,ba7f64,999,low,average,extra thin,average,average,extra high,extra round,0,thick,brown,79.0,0,none,thick,very thin,very short,average,extra narrow,low,thick,extra small,extra straight,extra wide,0,815439,19.0,999.0,999.0,704e3a,71.0,795238,61.0,999.0,999.0
64.0,6.0,D1A9,1,56.0,24,60.0,0,18.0,0,8.0,1,11.0,0,69.0,0,999,1,75.0,1,39.0,1,43.0,1,999,0,999,0,999,0,999,1,999,0,26.0,0,68.0,neutral,999,male,94.0,0,999,1,54.0,0,999,0,91.0,0,75.0,0,76.0,1,56.0,0,92.0,1,29.0,0,76.0,-10.35,0,71.0,white,0,42.0,0,999,1,44.0,1,44.0,0,94.0,0,58.0,0,76.0,0,92.0,0,74.0,1,12.0,-1.43,1,93.0,extra small,3a261f,61.0,291e18,97.0,af7d61,999,average,extra low,extra thin,low,average,low,extra round,0,thick,brown,97.0,0,none,none,very thin,short,extra rect,average,low,average,extra small,extra straight,extra wide,0,fef4ee,42.0,999.0,999.0,6e5746,64.0,999.0,999.0,999.0,999.0
65.0,GT,D1A9,1,68.0,15,60.0,0,29.0,0,7.0,0,44.0,0,66.0,0,91.0,1,73.0,0,9.0,0,3.0,1,94.0,0,999,0,94.0,0,88.0,1,999,0,46.0,0,90.0,neutral,83.0,male,999,0,999,1,45.0,0,999,0,92.0,0,77.0,0,999,1,35.0,0,97.0,1,57.0,0,74.0,-10.08,0,66.0,white,0,50.0,0,999,1,31.0,1,43.0,0,999,0,68.0,0,44.0,0,999,0,96.0,0,4.0,-2.88,1,999,average,4a352d,63.0,040203,57.0,81553c,999,extra low,extra low,extra thin,extra low,average,average,extra round,0,none,black,57.0,0,none,none,very thin,very short,extra rect,extra narrow,low,extra thin,extra small,extra straight,wide,0,fcfdf5,30.0,999.0,999.0,999.0,999.0,999.0,999.0,999.0,999.0
66.0,1.0,D1A10,0,999,18,60.0,1,45.0,1,85.0,0,999,0,82.0,0,999,0,91.0,0,10.0,0,70.0,0,2.0,0,999,0,999,1,27.0,1,21.0,0,75.0,0,85.0,smile,999,female,999,0,999,0,81.0,0,999,1,999,1,83.0,1,999,0,86.0,0,84.0,1,999,0,65.0,-9.17,1,16.0,white,0,9.0,1,42.0,0,80.0,0,23.0,1,42.0,1,15.0,0,999,1,999,0,9.0,0,92.0,-0.31,1,999,small,432d1c,56.0,311b0b,79.0,b5744b,999,average,extra low,extra thin,extra low,average,extra low,extra round,0,none,brown,79.0,0,very long,none,average,short,average,narrow,extra raised,extra thick,average,extra straight,wide,0,220f05,7.0,999.0,999.0,999.0,999.0,999.0,999.0,999.0,999.0
67.0,2.0,D1A10,0,93.0,19,60.0,1,0.0,1,8.0,1,15.0,0,95.0,0,999,0,999,0,31.0,1,17.0,1,26.0,0,999,0,28.0,0,30.0,1,33.0,0,24.0,0,12.0,smile,999,female,54.0,1,999,0,999,0,79.0,0,46.0,1,93.0,1,999,0,999,1,17.0,1,42.0,0,57.0,-9.3,0,44.0,white,0,25.0,0,58.0,0,999,0,65.0,1,48.0,1,8.0,0,79.0,0,3.0,0,20.0,0,61.0,-0.82,1,16.0,extra small,614f3f,51.0,24140a,74.0,be8666,999,average,extra low,extra thin,low,average,extra low,extra round,0,none,brown,74.0,0,long,none,average,average,rect,narrow,extra raised,extra thick,average,extra straight,extra wide,1,fbf3eb,20.0,999.0,999.0,999.0,999.0,999.0,999.0,999.0,999.0
68.0,3.0,D1A10,0,999,32,60.0,1,36.0,0,71.0,0,89.0,0,81.0,0,999,0,95.0,0,27.0,0,65.0,1,59.0,0,999,1,41.0,0,29.0,0,59.0,0,33.0,0,66.0,neutral,97.0,female,999,0,999,0,94.0,0,999,0,47.0,0,64.0,0,80.0,0,97.0,0,24.0,1,36.0,0,999,-9.31,0,52.0,white,1,30.0,0,84.0,0,999,0,31.0,1,1.0,1,26.0,0,95.0,0,2.0,1,9.0,0,999,1.6,1,37.0,extra large,574636,51.0,100602,84.0,926044.0,926044.0,average,extra low,extra thin,extra low,far,extra low,extra round,0,none,black,84.0,0,very long,none,average,short,extra rect,narrow,extra low,thin,extra small,extra straight,extra narrow,0,402513,9.0,999.0,999.0,999.0,999.0,999.0,999.0,595a52,0.0
69.0,4.0,D1A10,0,999,31,60.0,0,38.0,0,22.0,0,1.0,0,77.0,0,97.0,0,999,0,67.0,0,28.0,1,41.0,0,999,1,5.0,0,20.0,0,58.0,0,29.0,0,40.0,smile,88.0,female,98.0,0,999,0,999,0,83.0,0,52.0,1,999,1,87.0,0,999,0,86.0,1,93.0,0,999,-9.45,0,56.0,white,0,0.0,0,39.0,0,999,1,3.0,0,23.0,1,6.0,0,999,1,3.0,0,4.0,0,90.0,3.6,1,19.0,extra small,402717,69.0,180f05,85.0,954f33,999,average,extra low,extra thin,average,average,average,extra round,0,none,black,85.0,0,very long,none,average,average,average,average,extra raised,thick,wide,extra straight,wide,0,552f19,16.0,999.0,999.0,999.0,999.0,999.0,999.0,999.0,999.0
70.0,5.0,D1A10,0,31.0,27,60.0,0,56.0,1,6.0,0,7.0,0,999,1,98.0,0,80.0,0,35.0,1,3.0,1,29.0,0,999,0,73.0,0,3.0,1,60.0,0,87.0,0,83.0,smile,91.0,male,38.0,0,999,0,999,0,999,0,79.0,1,47.0,1,999,0,999,0,45.0,1,61.0,0,68.0,-9.15,0,44.0,white,0,999,0,46.0,0,999,1,28.0,0,39.0,0,61.0,0,27.0,0,56.0,0,29.0,0,70.0,-2.54,1,97.0,small,49331a,71.0,180f03,84.0,9a5b36,999,average,average,extra thin,average,average,extra low,round,0,none,black,84.0,1,very long,none,average,average,heart,narrow,extra raised,extra thick,small,extra straight,extra wide,1,170a05,15.0,999.0,999.0,999.0,999.0,999.0,999.0,999.0,999.0
71.0,6.0,D1A10,0,98.0,37,60.0,1,34.0,1,50.0,0,70.0,0,82.0,0,999,0,96.0,0,25.0,0,67.0,0,76.0,0,999,0,78.0,1,92.0,0,10.0,0,82.0,0,78.0,smile,88.0,female,999,0,999,0,90.0,0,999,1,70.0,1,60.0,1,999,0,96.0,0,88.0,1,83.0,0,67.0,-8.58,1,0.0,white,0,6.0,0,5.0,0,90.0,0,53.0,1,60.0,1,2.0,0,999,1,92.0,0,6.0,0,999,-0.15,1,80.0,extra small,5c5450,49.0,331c0f,90.0,8d5a42,999,low,extra low,extra thin,average,close,low,extra round,0,none,brown,90.0,0,very long,none,average,average,extra heart,extra narrow,extra raised,extra thick,small,extra straight,extra wide,1,33210b,12.0,999.0,999.0,999.0,999.0,999.0,999.0,999.0,999.0
72.0,GT,D1A10,0,999,18,60.0,1,69.0,1,33.0,0,62.0,0,89.0,0,999,0,999,1,4.0,0,49.0,1,82.0,0,999,0,999,0,67.0,1,82.0,0,65.0,0,999,neutral,999,female,92.0,0,999,0,91.0,0,999,1,45.0,0,67.0,0,999,0,91.0,0,47.0,1,49.0,0,50.0,-9.2,0,21.0,white,0,12.0,0,80.0,0,999,1,32.0,0,39.0,1,16.0,0,999,1,61.0,0,16.0,0,91.0,2.66,1,999,extra small,70513c,47.0,1e0f02,56.0,ab673e,999,average,extra low,extra thin,average,far,extra low,extra round,0,none,black,56.0,0,long,none,average,short,rect,average,average,average,extra small,extra straight,narrow,0,fefef3,25.0,999.0,999.0,999.0,999.0,999.0,999.0,999.0,999.0
95.0,1.0,D37A1,0,51.0,24,60.0,0,14.0,1,32.0,0,999,0,67.0,0,94.0,0,85.0,0,59.0,0,60.0,0,90.0,0,49.0,0,999,1,33.0,1,28.0,0,79.0,0,97.0,neutral,80.0,male,27.0,0,999,0,999,0,80.0,0,75.0,0,999,0,89.0,0,99.0,0,999,1,81.0,1,19.0,-9.76,0,32.0,white,0,20.0,0,95.0,0,999,1,55.0,0,99.0,0,35.0,0,95.0,0,55.0,0,84.0,0,13.0,0.87,1,87.0,small,999.0,999.0,7e563e,90.0,d29799,999,low,extra low,extra thin,average,far,high,extra round,0,none,brown light,90.0,0,none,none,very thin,short,extra rect,extra narrow,low,thin,extra small,extra straight,extra wide,0,fff7fe,44.0,999.0,999.0,999.0,999.0,999.0,999.0,999.0,999.0
96.0,2.0,D37A1,1,11.0,17,60.0,0,83.0,0,54.0,0,39.0,1,10.0,0,999,0,32.0,0,82.0,0,1.0,0,34.0,0,999,0,85.0,0,64.0,0,34.0,0,12.0,0,14.0,neutral,95.0,male,999,0,999,0,81.0,0,2.0,0,999,0,98.0,0,77.0,0,54.0,0,999,1,29.0,0,50.0,-8.47,0,3.0,white,1,51.0,0,73.0,0,91.0,1,14.0,0,999,0,84.0,0,81.0,0,999,0,999,1,63.0,4.77,0,36.0,extra small,a1746b,41.0,8d554c,28.0,c2837b,999,low,extra high,extra thin,average,average,extra high,extra round,0,none,red,28.0,0,none,none,very thin,short,heart,extra narrow,low,extra thin,extra small,extra straight,extra wide,0,fff7fe,40.0,999.0,999.0,999.0,999.0,999.0,999.0,999.0,999.0
97.0,3.0,D37A1,0,17.0,19,60.0,0,82.0,0,37.0,0,83.0,0,41.0,0,999,0,57.0,0,999,0,67.0,0,60.0,0,98.0,0,44.0,1,41.0,0,47.0,0,46.0,0,66.0,neutral,84.0,male,82.0,0,999,0,99.0,0,56.0,0,999,0,999,0,75.0,0,89.0,0,999,1,79.0,0,46.0,-10.0,0,70.0,white,1,5.0,0,999,0,999,1,57.0,0,999,0,82.0,0,999,0,999,0,999,1,26.0,-3.91,1,24.0,extra large,6c4e5b,54.0,65432c,94.0,bd7b70,999,low,extra low,extra thin,low,close,average,extra round,0,none,brown light,94.0,0,none,none,thin,short,average,extra narrow,extra low,average,extra small,extra straight,average,0,fbfcf4,25.0,999.0,999.0,999.0,999.0,999.0,999.0,999.0,999.0
98.0,4.0,D37A1,0,99.0,12,60.0,0,68.0,1,18.0,0,999,0,79.0,0,67.0,0,999,0,57.0,0,999,0,79.0,0,79.0,0,63.0,1,72.0,0,60.0,0,88.0,0,999,neutral,88.0,female,24.0,0,999,0,999,0,94.0,0,65.0,0,89.0,0,72.0,0,999,0,999,1,66.0,1,24.0,-9.79,0,55.0,white,0,42.0,0,999,0,999,1,59.0,0,82.0,0,39.0,0,999,0,30.0,0,73.0,0,45.0,5.11,1,81.0,small,999.0,999.0,66514b,90.0,cda999,999,low,low,extra thin,average,average,extra high,extra round,0,none,brown light,90.0,0,none,none,very thin,short,average,narrow,average,average,extra small,extra straight,wide,1,f6fdfe,37.0,999.0,999.0,999.0,999.0,999.0,999.0,999.0,999.0
99.0,5.0,D37A1,1,7.0,17,60.0,0,57.0,1,16.0,0,57.0,0,97.0,0,999,0,68.0,0,58.0,0,45.0,0,36.0,0,92.0,0,91.0,1,40.0,0,18.0,0,90.0,0,88.0,neutral,91.0,male,86.0,0,999,0,999,0,96.0,0,999,0,98.0,0,95.0,0,999,0,999,1,23.0,0,18.0,-8.39,0,15.0,white,0,37.0,0,86.0,0,999,1,65.0,0,82.0,0,71.0,0,999,0,94.0,0,92.0,1,17.0,4.71,1,59.0,small,502d27,47.0,562a1a,88.0,d6887c,999,average,high,extra thin,low,far,extra high,extra round,0,none,brown light,88.0,0,none,none,very thin,short,average,extra narrow,average,extra thin,small,extra straight,extra wide,0,999.0,999.0,999.0,999.0,999.0,999.0,999.0,999.0,646461,1.0
100.0,GT,D37A1,0,38.0,22,60.0,0,69.0,0,59.0,0,30.0,1,10.0,0,999,0,64.0,0,66.0,0,1.0,1,25.0,0,999,0,43.0,0,80.0,0,74.0,1,5.0,0,11.0,neutral,84.0,male,80.0,0,999,0,98.0,0,18.0,0,999,0,73.0,0,88.0,0,72.0,0,999,1,38.0,0,31.0,-7.16,0,64.0,white,1,78.0,0,999,0,999,1,41.0,0,999,0,77.0,0,999,0,95.0,0,999,1,53.0,25.01,0,26.0,extra small,885d58,85.0,7f6f68,59.0,ca817c,999,average,low,extra thin,average,average,average,extra round,0,none,blond,59.0,0,none,none,very thin,short,heart,narrow,average,extra thin,extra small,extra straight,extra wide,0,fefff7,40.0,999.0,999.0,999.0,999.0,999.0,999.0,999.0,999.0
101.0,IT,D37A1,1,17.0,26,60.0,0,46.0,0,60.0,0,57.0,0,13.0,0,999,0,14.0,0,57.0,0,22.0,1,25.0,0,999,0,45.0,0,999,1,11.0,0,31.0,0,44.0,neutral,97.0,male,999,0,999,0,54.0,0,57.0,0,99.0,0,99.0,0,76.0,0,42.0,0,66.0,1,27.0,0,53.0,-9.48,0,25.0,white,1,21.0,0,89.0,0,72.0,0,19.0,0,999,0,66.0,0,8.0,0,999,0,999,1,17.0,2.38,1,23.0,extra large,999.0,999.0,331e12,56.0,d09c8c,999,extra low,extra low,extra thin,low,extra close,extra low,extra round,0,none,brown,56.0,0,none,none,very thin,very short,rect,extra narrow,extra low,extra thin,extra small,extra straight,average,1,999.0,999.0,999.0,999.0,999.0,999.0,999.0,999.0,999.0,999.0
102.0,1.0,D37A2,0,26.0,19,60.0,0,999,0,21.0,0,10.0,0,54.0,0,41.0,0,44.0,0,54.0,0,21.0,1,60.0,0,92.0,0,38.0,0,88.0,0,40.0,0,67.0,0,79.0,neutral,94.0,male,89.0,0,999,0,91.0,0,67.0,0,98.0,0,78.0,0,72.0,0,65.0,0,67.0,0,0.0,1,66.0,-9.91,0,69.0,white,0,30.0,0,999,0,99.0,1,51.0,0,999,0,999,0,88.0,0,91.0,0,999,1,21.0,1.71,1,26.0,extra large,999.0,999.0,999.0,999.0,999.0,999.0,average,extra high,extra thin,low,average,extra high,extra round,0,none,black,0.0,0,none,none,very thin,very short,rect,extra narrow,low,thin,extra small,extra straight,average,0,999.0,999.0,999.0,999.0,999.0,999.0,999.0,999.0,999.0,999.0
103.0,2.0,D37A2,0,19.0,22,60.0,0,43.0,0,27.0,0,72.0,0,34.0,0,71.0,1,3.0,0,16.0,0,15.0,1,56.0,0,999,0,47.0,0,74.0,1,17.0,0,55.0,0,78.0,neutral,77.0,male,61.0,0,999,0,30.0,0,91.0,0,81.0,0,79.0,0,97.0,0,17.0,0,60.0,1,14.0,1,47.0,-9.64,0,40.0,white,0,4.0,0,999,0,49.0,1,15.0,0,91.0,0,72.0,0,66.0,0,74.0,0,999,0,20.0,4.3,1,49.0,extra large,999.0,999.0,999.0,999.0,999.0,999.0,average,extra low,extra thin,average,average,low,extra round,0,none,black,0.0,0,none,none,very thin,very short,extra rect,extra narrow,extra low,extra thin,extra small,extra straight,extra narrow,0,999.0,999.0,999.0,999.0,999.0,999.0,999.0,999.0,999.0,999.0
104.0,3.0,D37A2,0,69.0,16,60.0,0,77.0,0,22.0,0,17.0,0,8.0,0,70.0,0,56.0,0,46.0,0,36.0,0,20.0,0,75.0,0,35.0,0,51.0,0,80.0,0,71.0,0,71.0,neutral,44.0,male,18.0,0,999,0,90.0,0,41.0,0,85.0,0,44.0,0,77.0,0,82.0,0,73.0,1,30.0,1,69.0,-10.0,0,30.0,white,1,50.0,0,999,0,98.0,1,10.0,0,999,0,62.0,0,88.0,0,73.0,0,999,0,24.0,-3.33,1,27.0,extra large,999.0,999.0,999.0,999.0,999.0,999.0,low,extra low,extra thin,low,close,low,extra round,0,none,black,0.0,0,none,none,very thin,very short,average,extra narrow,low,average,extra small,extra straight,narrow,0,999.0,999.0,999.0,999.0,999.0,999.0,999.0,999.0,999.0,999.0
105.0,4.0,D37A2,0,41.0,17,60.0,0,59.0,0,27.0,0,32.0,0,33.0,0,67.0,0,34.0,0,11.0,0,22.0,1,38.0,0,97.0,0,57.0,0,87.0,0,0.0,0,77.0,0,91.0,neutral,74.0,male,46.0,0,999,0,70.0,0,83.0,0,90.0,0,65.0,0,50.0,0,56.0,0,69.0,1,25.0,1,58.0,-9.51,0,55.0,white,1,5.0,0,999,0,85.0,1,4.0,0,999,0,71.0,0,47.0,0,84.0,0,999,0,29.0,-4.46,1,75.0,large,999.0,999.0,999.0,999.0,999.0,999.0,average,extra low,extra thin,low,average,high,thin,0,none,black,0.0,0,none,none,very thin,very short,heart,extra narrow,low,average,extra small,extra straight,extra wide,0,999.0,999.0,999.0,999.0,999.0,999.0,999.0,999.0,999.0,999.0
106.0,5.0,D37A2,0,63.0,35,60.0,0,6.0,0,49.0,0,51.0,1,13.0,0,80.0,0,29.0,1,16.0,0,3.0,1,32.0,0,98.0,0,40.0,0,85.0,0,22.0,0,38.0,0,58.0,neutral,55.0,male,8.0,0,999,0,41.0,0,63.0,0,68.0,0,44.0,0,83.0,0,37.0,0,88.0,1,41.0,1,26.0,-9.83,0,53.0,white,1,81.0,0,999,0,72.0,0,20.0,0,999,0,24.0,0,68.0,0,58.0,0,75.0,0,43.0,-2.01,1,45.0,extra large,999.0,999.0,999.0,999.0,999.0,999.0,low,extra low,extra thin,average,close,extra low,extra round,0,none,black,0.0,0,none,none,very thin,very short,rect,extra narrow,low,thin,extra small,extra straight,extra narrow,0,999.0,999.0,999.0,999.0,999.0,999.0,999.0,999.0,999.0,999.0
107.0,GT,D37A2,0,57.0,19,60.0,0,80.0,0,52.0,0,43.0,1,26.0,0,86.0,0,28.0,0,38.0,0,13.0,0,16.0,0,89.0,0,0.0,0,89.0,0,98.0,0,30.0,0,46.0,neutral,69.0,male,40.0,0,999,0,62.0,0,25.0,0,999,0,60.0,0,999,0,49.0,0,999,1,23.0,1,45.0,-8.22,0,52.0,white,1,63.0,0,999,0,78.0,0,25.0,0,999,0,75.0,0,57.0,0,89.0,0,94.0,0,14.0,10.26,0,1.0,extra small,999.0,999.0,696762,58.0,ab9d9b,999,average,low,extra thin,average,average,average,extra round,0,none,blond,58.0,0,none,none,very thin,very short,heart,narrow,average,extra thin,extra small,extra straight,extra wide,1,999.0,999.0,999.0,999.0,999.0,999.0,999.0,999.0,999.0,999.0
108.0,IT,D37A2,0,28.0,20,60.0,0,76.0,1,42.0,0,39.0,0,70.0,0,84.0,0,61.0,0,41.0,0,37.0,0,3.0,0,86.0,0,78.0,0,8.0,0,50.0,0,98.0,0,99.0,neutral,67.0,male,54.0,0,999,0,999,0,91.0,0,92.0,0,85.0,0,999,0,999,0,999,1,31.0,1,87.0,-9.37,0,48.0,white,0,12.0,0,999,0,999,1,46.0,0,89.0,0,84.0,0,92.0,0,78.0,0,999,0,7.0,4.2,1,75.0,average,685855,43.0,433733,94.0,b1a19e,98.0,extra low,average,extra thin,low,average,extra high,extra round,0,none,brown,94.0,0,none,none,very thin,short,average,extra narrow,average,extra thin,small,extra straight,extra wide,1,f7feff,47.0,999.0,999.0,999.0,999.0,999.0,999.0,999.0,999.0
109.0,1.0,D37A3,0,10.0,18,60.0,0,999,0,4.0,0,40.0,0,69.0,0,68.0,0,60.0,0,91.0,0,48.0,1,36.0,0,87.0,0,55.0,0,41.0,0,47.0,0,75.0,0,92.0,neutral,87.0,male,999,0,999,0,999,0,75.0,0,91.0,0,86.0,0,64.0,0,87.0,0,96.0,1,30.0,1,21.0,-9.95,0,65.0,white,0,39.0,0,999,0,999,1,80.0,0,999,0,999,0,999,0,93.0,0,999,1,34.0,-0.36,1,42.0,large,4a403d,87.0,342f2c,98.0,7d6b66,999,average,extra high,extra thin,average,average,extra high,extra round,0,none,black,98.0,0,none,none,very thin,average,rect,extra narrow,low,thin,extra small,extra straight,extra wide,0,f7f2ec,14.0,999.0,999.0,999.0,999.0,999.0,999.0,999.0,999.0
110.0,2.0,D37A3,1,23.0,21,60.0,0,39.0,0,7.0,0,65.0,0,67.0,0,91.0,1,6.0,0,46.0,0,28.0,1,77.0,0,999,0,58.0,0,80.0,1,37.0,0,70.0,0,84.0,neutral,91.0,male,94.0,0,999,0,44.0,0,999,0,97.0,0,999,0,999,0,34.0,0,68.0,1,21.0,1,22.0,-9.7,0,38.0,white,0,25.0,0,999,0,54.0,1,43.0,0,98.0,0,85.0,0,67.0,0,94.0,0,999,1,9.0,2.5,1,65.0,extra large,43362f,24.0,373431,95.0,a69590,999,average,extra low,extra thin,average,average,low,extra round,0,none,black,95.0,0,none,none,very thin,very short,extra rect,narrow,extra low,extra thin,extra small,extra straight,extra narrow,1,dbdbd4,2.0,f4fbfc,2.0,999.0,999.0,999.0,999.0,999.0,999.0
111.0,3.0,D37A3,0,20.0,16,60.0,0,67.0,0,20.0,0,46.0,0,29.0,0,78.0,0,35.0,0,68.0,0,47.0,0,17.0,0,98.0,0,42.0,0,15.0,0,62.0,0,73.0,0,77.0,neutral,74.0,male,65.0,0,999,0,81.0,0,60.0,0,92.0,0,97.0,0,88.0,0,75.0,0,75.0,1,37.0,1,46.0,-10.39,0,41.0,white,1,25.0,0,999,0,87.0,1,35.0,0,999,0,86.0,0,88.0,0,90.0,0,999,1,6.0,-2.85,1,32.0,extra large,635a58,79.0,514944,95.0,9e918f,97.0,low,extra low,extra thin,low,close,low,extra round,0,none,brown light,95.0,0,none,none,very thin,short,heart,extra narrow,extra low,average,extra small,extra straight,narrow,1,f5f4fc,28.0,999.0,999.0,999.0,999.0,999.0,999.0,999.0,999.0
112.0,4.0,D37A3,0,2.0,21,60.0,0,52.0,0,15.0,0,69.0,0,88.0,0,64.0,0,29.0,0,44.0,0,42.0,1,73.0,0,999,0,39.0,0,67.0,1,23.0,0,89.0,0,999,neutral,76.0,male,73.0,0,999,0,73.0,0,999,0,97.0,0,81.0,0,88.0,0,64.0,0,56.0,1,34.0,1,18.0,-9.49,0,46.0,white,0,44.0,0,999,0,83.0,1,38.0,0,89.0,0,76.0,0,58.0,0,96.0,0,999,0,34.0,-7.03,1,88.0,large,4d443f,80.0,2c2a28,999,8d847f,99.0,low,low,extra thin,low,average,high,thin,0,none,black,999,0,none,none,very thin,short,heart,extra narrow,low,thin,extra small,extra straight,extra wide,1,d0d0c9,1.0,999.0,999.0,999.0,999.0,999.0,999.0,999.0,999.0
113.0,5.0,D37A3,0,37.0,33,60.0,0,44.0,0,67.0,0,65.0,0,23.0,0,92.0,0,41.0,0,19.0,0,10.0,1,97.0,0,999,0,34.0,0,999,1,6.0,0,15.0,0,47.0,neutral,67.0,male,63.0,0,999,0,71.0,0,86.0,0,95.0,0,50.0,0,97.0,0,51.0,0,999,1,66.0,0,35.0,-9.84,0,91.0,white,1,38.0,0,999,0,95.0,1,33.0,0,999,0,52.0,0,81.0,0,91.0,0,95.0,0,9.0,0.01,1,47.0,extra large,6c6760,51.0,322b25,75.0,8b7972,999,extra raised,extra low,extra thin,average,average,extra low,extra round,0,none,brown,75.0,0,none,none,very thin,short,rect,extra narrow,low,thin,extra small,extra straight,extra narrow,1,c0c0ba,1.0,999.0,999.0,999.0,999.0,999.0,999.0,999.0,999.0
114.0,GT,D37A3,0,57.0,19,60.0,0,80.0,0,52.0,0,43.0,1,26.0,0,86.0,0,28.0,0,38.0,0,13.0,0,16.0,0,89.0,0,0.0,0,89.0,0,98.0,0,30.0,0,46.0,neutral,69.0,male,40.0,0,999,0,62.0,0,25.0,0,999,0,60.0,0,999,0,49.0,0,999,1,23.0,1,45.0,-8.22,0,52.0,white,1,63.0,0,999,0,78.0,0,25.0,0,999,0,75.0,0,57.0,0,89.0,0,94.0,0,14.0,10.26,0,1.0,extra small,999.0,999.0,696762,58.0,ab9d9b,999,average,low,extra thin,average,average,average,extra round,0,none,blond,58.0,0,none,none,very thin,very short,heart,narrow,average,extra thin,extra small,extra straight,extra wide,1,999.0,999.0,999.0,999.0,999.0,999.0,999.0,999.0,999.0,999.0
115.0,IT,D37A3,0,28.0,20,60.0,0,76.0,1,42.0,0,39.0,0,70.0,0,84.0,0,61.0,0,41.0,0,37.0,0,3.0,0,86.0,0,78.0,0,8.0,0,50.0,0,98.0,0,99.0,neutral,67.0,male,54.0,0,999,0,999,0,91.0,0,92.0,0,85.0,0,999,0,999,0,999,1,31.0,1,87.0,-9.37,0,48.0,white,0,12.0,0,999,0,999,1,46.0,0,89.0,0,84.0,0,92.0,0,78.0,0,999,0,7.0,4.2,1,75.0,average,685855,43.0,433733,94.0,b1a19e,98.0,extra low,average,extra thin,low,average,extra high,extra round,0,none,brown,94.0,0,none,none,very thin,short,average,extra narrow,average,extra thin,small,extra straight,extra wide,1,f7feff,47.0,999.0,999.0,999.0,999.0,999.0,999.0,999.0,999.0
116.0,1.0,D39A1,0,35.0,24,60.0,0,64.0,0,88.0,0,32.0,0,99.0,1,9.0,0,56.0,0,61.0,0,12.0,1,77.0,0,999,1,18.0,0,63.0,1,44.0,0,9.0,0,48.0,neutral,88.0,male,81.0,1,999,0,84.0,0,98.0,0,88.0,0,67.0,0,999,0,60.0,0,9.0,1,43.0,0,75.0,-10.17,0,999,asian,0,97.0,0,999,0,94.0,1,2.0,0,36.0,0,89.0,0,12.0,0,96.0,0,83.0,0,42.0,-5.59,1,34.0,extra large,312b22,92.0,28281e,96.0,7f6049,999,average,extra low,extra thin,average,average,extra low,extra round,0,none,brown,96.0,1,none,none,thin,very short,extra rect,extra narrow,extra low,thin,extra small,extra straight,wide,0,19150f,2.0,999.0,999.0,999.0,999.0,999.0,999.0,4f4431,0.0
117.0,2.0,D39A1,0,48.0,37,60.0,0,99.0,0,96.0,0,68.0,0,53.0,0,91.0,0,54.0,0,77.0,1,1.0,1,999,0,999,1,20.0,0,999,0,11.0,1,27.0,0,13.0,neutral,80.0,male,84.0,1,999,0,83.0,0,60.0,0,83.0,0,67.0,0,86.0,0,41.0,0,59.0,1,39.0,0,60.0,-8.84,0,999,white,0,27.0,0,999,0,98.0,1,56.0,0,79.0,0,86.0,0,60.0,0,98.0,0,98.0,1,0.0,-4.22,0,12.0,extra large,221f18,84.0,090906,99.0,7b5b49,999,low,extra low,thin,low,close,low,extra round,0,none,black,99.0,0,none,none,thin,short,extra rect,extra narrow,extra low,extra thin,extra small,extra straight,wide,0,221e16,2.0,999.0,999.0,999.0,999.0,999.0,999.0,221e16,1.0
118.0,GT,D39A1,0,35.0,34,60.0,0,999,0,999,0,87.0,0,49.0,0,90.0,0,36.0,0,39.0,1,10.0,1,98.0,0,999,1,1.0,0,86.0,0,11.0,1,26.0,0,26.0,neutral,999,male,87.0,1,999,0,61.0,0,82.0,0,85.0,0,70.0,0,61.0,0,28.0,0,999,1,42.0,0,87.0,-9.4,0,999,asian,0,38.0,0,96.0,0,82.0,1,31.0,0,76.0,0,73.0,0,21.0,0,99.0,0,73.0,0,28.0,-8.79,1,18.0,large,211d15,86.0,20201c,999,72553f,999,low,extra low,extra thin,average,far,average,extra round,0,none,black,999,1,none,none,thin,very short,extra rect,extra narrow,extra low,average,extra small,extra straight,extra wide,0,99918d,6.0,999.0,999.0,999.0,999.0,999.0,999.0,1f1b13,1.0
119.0,1.0,D39A2,0,22.0,43,60.0,0,92.0,0,90.0,0,55.0,0,59.0,0,999,0,33.0,0,30.0,1,30.0,1,89.0,0,999,0,5.0,0,74.0,1,25.0,1,31.0,0,21.0,neutral,999,male,97.0,1,999,0,58.0,0,91.0,0,94.0,0,74.0,0,90.0,0,28.0,0,67.0,1,35.0,0,84.0,-9.49,0,999,asian,0,41.0,0,999,0,79.0,1,17.0,0,57.0,0,76.0,0,13.0,0,999,0,80.0,0,27.0,-4.9,1,35.0,average,332e1f,88.0,2c2820,99.0,805c44,999,low,extra low,extra thin,average,average,low,extra round,0,none,brown,99.0,1,none,none,thin,very short,extra rect,extra narrow,extra low,thin,extra small,extra straight,wide,0,13100b,2.0,999.0,999.0,999.0,999.0,999.0,999.0,4a3f2c,0.0
120.0,2.0,D39A2,0,55.0,24,60.0,0,44.0,0,98.0,0,39.0,0,86.0,0,41.0,0,71.0,0,41.0,0,9.0,1,83.0,0,999,1,31.0,0,63.0,1,44.0,0,2.0,0,43.0,neutral,47.0,male,39.0,1,999,0,88.0,0,999,0,89.0,0,20.0,0,73.0,0,71.0,1,2.0,1,55.0,0,999,-9.84,0,999,asian,0,56.0,0,999,0,999,1,4.0,0,70.0,0,32.0,0,0.0,0,91.0,0,57.0,0,76.0,-6.64,1,56.0,extra large,2e261d,97.0,27271f,51.0,724d37,999,low,extra low,extra thin,average,average,extra low,extra round,0,none,brown,51.0,1,none,none,very thin,very short,extra rect,narrow,extra low,extra thin,extra small,extra straight,average,0,2a1b12,1.0,999.0,999.0,999.0,999.0,999.0,999.0,999.0,999.0
121.0,GT,D39A2,0,34.0,44,60.0,0,90.0,0,999,0,65.0,0,40.0,0,999,0,29.0,0,58.0,1,25.0,1,999,0,999,1,21.0,0,93.0,1,6.0,1,55.0,1,8.0,neutral,80.0,male,97.0,1,999,0,51.0,0,62.0,0,84.0,0,61.0,0,80.0,0,14.0,0,44.0,1,32.0,0,93.0,-9.62,0,999,white,0,18.0,0,999,0,75.0,1,42.0,0,82.0,0,76.0,0,37.0,0,999,0,90.0,1,1.0,-0.88,0,11.0,large,251f1a,96.0,0a0907,999,6f4b35,999,low,extra low,extra thin,average,close,low,extra round,0,none,black,999,0,none,none,thin,short,extra rect,narrow,extra low,extra thin,extra small,extra straight,wide,0,402f1d,1.0,999.0,999.0,999.0,999.0,999.0,999.0,999.0,999.0
122.0,1.0,D39A3,0,16.0,35,60.0,0,999,0,88.0,0,77.0,0,67.0,0,999,0,18.0,0,70.0,0,6.0,1,999,0,999,1,23.0,0,98.0,1,21.0,1,20.0,0,29.0,neutral,95.0,male,999,1,999,0,43.0,0,82.0,0,88.0,0,79.0,0,999,0,14.0,0,47.0,1,30.0,0,73.0,-8.84,0,999,white,0,55.0,0,999,0,63.0,1,53.0,0,80.0,0,95.0,0,35.0,0,999,0,999,0,4.0,-3.33,1,9.0,extra large,271f17,92.0,90906.0,90906.0,7d563d,999,low,extra low,extra thin,extra raised,average,low,round,0,none,black,999,0,none,none,thin,short,extra rect,narrow,extra low,extra thin,extra small,extra straight,extra wide,1,44331f,1.0,999.0,999.0,999.0,999.0,999.0,999.0,322c21,0.0
123.0,2.0,D39A3,0,60.0,29,60.0,0,63.0,0,82.0,0,74.0,0,93.0,0,22.0,0,74.0,0,70.0,0,31.0,1,99.0,0,999,1,42.0,0,76.0,1,22.0,0,14.0,0,50.0,neutral,48.0,male,47.0,1,999,0,97.0,0,999,0,84.0,0,43.0,0,99.0,0,77.0,0,8.0,1,56.0,0,67.0,-9.78,0,999,asian,0,75.0,0,999,0,999,1,24.0,0,63.0,0,61.0,0,18.0,0,88.0,0,73.0,0,56.0,-5.77,1,31.0,extra large,2b2621,94.0,1b1a13,95.0,7e5e4a,999,low,extra low,extra thin,low,average,extra low,extra round,0,none,black,95.0,1,none,none,very thin,very short,extra rect,narrow,extra low,extra thin,extra small,extra straight,narrow,0,c9b19a,3.0,999.0,999.0,999.0,999.0,999.0,999.0,221d15,1.0
124.0,GT,D39A3,0,42.0,34,60.0,0,999,0,92.0,0,80.0,0,53.0,0,78.0,0,50.0,0,49.0,1,15.0,1,85.0,0,999,0,6.0,0,66.0,0,15.0,1,32.0,0,13.0,neutral,97.0,male,86.0,1,999,0,75.0,0,67.0,0,85.0,0,78.0,0,86.0,0,41.0,0,999,1,53.0,0,67.0,-9.33,0,999,white,0,35.0,0,999,0,94.0,1,25.0,0,52.0,0,72.0,0,46.0,0,98.0,0,79.0,0,15.0,-8.93,1,5.0,large,29291f,93.0,2e2c25,98.0,795b47,999,low,extra low,extra thin,low,average,average,extra round,0,none,brown,98.0,1,none,none,thin,very short,extra rect,extra narrow,extra low,average,extra small,extra straight,wide,0,282219,2.0,999.0,999.0,999.0,999.0,999.0,999.0,231e16,1.0
125.0,1.0,D39A5,0,59.0,36,60.0,0,999,0,94.0,0,40.0,1,35.0,0,37.0,1,33.0,0,4.0,1,45.0,0,27.0,0,89.0,1,37.0,0,94.0,0,45.0,1,49.0,1,18.0,smile,17.0,male,57.0,0,999,1,27.0,0,20.0,0,86.0,1,8.0,1,32.0,1,36.0,0,34.0,1,39.0,0,36.0,-8.32,0,999,asian,0,2.0,0,999,0,2.0,0,999,0,56.0,0,51.0,1,54.0,0,94.0,0,69.0,0,63.0,-13.32,0,23.0,extra large,151407,82.0,0a0b07,41.0,282016.0,282016.0,extra low,extra low,extra thin,extra low,far,extra low,extra round,0,none,black,41.0,0,none,none,very thin,very short,extra rect,average,extra low,average,extra small,extra straight,wide,0,080905,3.0,999.0,999.0,999.0,999.0,999.0,999.0,999.0,999.0
126.0,2.0,D39A5,0,57.0,37,60.0,0,53.0,0,72.0,0,19.0,1,17.0,0,58.0,1,19.0,1,44.0,1,43.0,1,64.0,0,999,1,5.0,0,999,0,3.0,1,8.0,0,21.0,smile,46.0,male,36.0,0,999,1,15.0,0,75.0,0,83.0,1,41.0,1,32.0,1,17.0,0,25.0,1,47.0,0,13.0,-8.61,0,96.0,asian,1,34.0,0,999,0,19.0,0,41.0,0,84.0,0,42.0,0,26.0,0,80.0,0,71.0,0,56.0,-12.04,1,39.0,extra large,171715,92.0,0d0e0a,65.0,45382d,999,extra low,extra low,extra thin,average,extra far,extra low,extra round,0,none,black,65.0,0,none,none,very thin,short,rect,narrow,raised,thin,small,extra straight,extra wide,0,696874,6.0,999.0,999.0,999.0,999.0,999.0,999.0,999.0,999.0
127.0,1.0,D39A6,1,36.0,26,60.0,0,65.0,0,80.0,0,30.0,0,39.0,0,89.0,1,93.0,0,27.0,1,23.0,1,85.0,0,999,0,8.0,0,88.0,1,84.0,1,16.0,0,37.0,neutral,99.0,male,97.0,0,999,1,85.0,0,90.0,0,88.0,0,78.0,0,86.0,1,88.0,0,57.0,1,29.0,0,999,-9.06,0,93.0,white,0,44.0,0,999,1,72.0,0,19.0,0,50.0,0,78.0,0,43.0,0,99.0,0,90.0,0,24.0,-6.4,1,9.0,extra small,1f1a16,96.0,231f15,90.0,7b5b4b,999,extra low,extra low,extra thin,low,average,low,extra round,0,thick,brown,90.0,0,none,thick,thin,short,rect,narrow,average,extra thin,extra small,extra straight,extra wide,0,473a27,3.0,999.0,999.0,2a2218,74.0,231a11,81.0,352f24,0.0
128.0,2.0,D39A6,1,24.0,36,60.0,0,61.0,0,74.0,0,67.0,0,61.0,0,36.0,1,85.0,0,4.0,1,19.0,1,91.0,0,999,0,1.0,0,85.0,1,73.0,0,10.0,0,68.0,neutral,98.0,male,95.0,0,999,1,87.0,0,999,0,92.0,0,70.0,0,80.0,1,74.0,0,70.0,1,26.0,0,78.0,-9.33,0,92.0,white,0,68.0,0,999,1,65.0,0,41.0,0,21.0,0,66.0,0,32.0,0,99.0,0,66.0,0,72.0,-3.3,1,48.0,extra large,201d19,95.0,0a0a07,99.0,7e5f51,999,extra low,extra low,extra thin,low,close,average,extra round,0,thick,black,99.0,1,very short,thick,very thin,average,extra rect,extra narrow,extra low,thin,extra small,extra straight,average,0,3e3120,14.0,d8c29b,0.0,1e1b15,81.0,1f1911,84.0,999.0,999.0
129.0,GT,D39A6,1,52.0,21,60.0,0,40.0,0,38.0,0,40.0,0,88.0,0,27.0,1,76.0,0,25.0,1,4.0,1,76.0,0,999,0,27.0,0,54.0,1,74.0,0,54.0,0,999,neutral,85.0,male,99.0,0,999,1,63.0,0,999,0,87.0,0,68.0,0,94.0,1,43.0,0,27.0,1,27.0,0,72.0,-9.81,0,68.0,white,0,76.0,0,999,1,50.0,1,11.0,0,49.0,0,68.0,0,52.0,0,95.0,0,80.0,0,64.0,-7.0,1,87.0,extra large,1d1713,95.0,221f18,999,84644e,999,average,extra low,extra thin,average,far,extra low,extra round,0,thick,brown,999,1,none,none,thin,short,extra rect,extra narrow,extra low,average,extra small,extra straight,wide,0,553e29,11.0,999.0,999.0,41311f,67.0,999.0,999.0,1d1913,1.0
130.0,1.0,D39A8,1,45.0,30,60.0,0,49.0,0,49.0,0,25.0,0,57.0,0,79.0,1,95.0,1,16.0,1,28.0,1,87.0,0,999,0,56.0,0,61.0,1,90.0,0,23.0,0,83.0,neutral,88.0,male,91.0,0,999,1,90.0,0,999,0,89.0,0,60.0,0,59.0,1,73.0,0,79.0,1,35.0,0,82.0,-9.92,0,95.0,white,0,42.0,0,999,1,73.0,1,14.0,0,64.0,0,67.0,0,68.0,0,95.0,0,72.0,0,54.0,1.33,1,85.0,extra large,1f1b15,95.0,242118,98.0,8c6953,999,extra low,low,extra thin,low,far,average,extra round,0,thick,brown,98.0,1,none,thick,thin,short,extra rect,extra narrow,average,average,extra small,extra straight,average,0,564430,5.0,999.0,999.0,32271a,74.0,33271b,74.0,efead5,2.0
131.0,2.0,D39A8,1,36.0,26,60.0,0,65.0,0,80.0,0,30.0,0,39.0,0,89.0,1,93.0,0,27.0,1,23.0,1,85.0,0,999,0,8.0,0,88.0,1,84.0,1,16.0,0,37.0,neutral,99.0,male,97.0,0,999,1,85.0,0,90.0,0,88.0,0,78.0,0,86.0,1,88.0,0,57.0,1,29.0,0,999,-9.06,0,93.0,white,0,44.0,0,999,1,72.0,0,19.0,0,50.0,0,78.0,0,43.0,0,99.0,0,90.0,0,24.0,-6.4,1,9.0,extra small,1f1a16,96.0,231f15,90.0,7b5b4b,999,extra low,extra low,extra thin,low,average,low,extra round,0,thick,brown,90.0,0,none,thick,thin,short,rect,narrow,average,extra thin,extra small,extra straight,extra wide,0,473a27,3.0,999.0,999.0,2a2218,74.0,231a11,81.0,352f24,0.0
132.0,GT,D39A8,1,52.0,21,60.0,0,40.0,0,38.0,0,40.0,0,88.0,0,27.0,1,76.0,0,25.0,1,4.0,1,76.0,0,999,0,27.0,0,54.0,1,74.0,0,54.0,0,999,neutral,85.0,male,99.0,0,999,1,63.0,0,999,0,87.0,0,68.0,0,94.0,1,43.0,0,27.0,1,27.0,0,72.0,-9.81,0,68.0,white,0,76.0,0,999,1,50.0,1,11.0,0,49.0,0,68.0,0,52.0,0,95.0,0,80.0,0,64.0,-7.0,1,87.0,extra large,1d1713,95.0,221f18,999,84644e,999,average,extra low,extra thin,average,far,extra low,extra round,0,thick,brown,999,1,none,none,thin,short,extra rect,extra narrow,extra low,average,extra small,extra straight,wide,0,553e29,11.0,999.0,999.0,41311f,67.0,999.0,999.0,1d1913,1.0
133.0,1.0,D39A9,0,33.0,30,60.0,0,60.0,0,80.0,0,53.0,1,4.0,0,66.0,1,58.0,1,57.0,1,52.0,1,88.0,0,999,1,7.0,0,999,0,6.0,1,22.0,0,23.0,neutral,47.0,male,57.0,0,999,1,59.0,0,95.0,0,75.0,0,9.0,0,37.0,1,53.0,0,72.0,1,45.0,0,53.0,-8.57,0,999,asian,1,27.0,0,999,1,24.0,0,67.0,0,54.0,0,40.0,0,22.0,0,85.0,0,53.0,0,77.0,-3.27,1,35.0,extra large,585653,24.0,7b6d56,33.0,332318.0,332318.0,extra low,extra low,extra thin,low,extra far,extra low,extra round,0,none,blond,33.0,0,none,none,very thin,very short,extra rect,average,low,extra thick,extra small,extra straight,average,0,635034,3.0,0c0c0a,2.0,999.0,999.0,999.0,999.0,ede2cf,1.0
134.0,2.0,D39A9,0,29.0,33,60.0,0,42.0,0,999,0,31.0,0,28.0,0,82.0,1,35.0,1,29.0,1,43.0,1,999,0,999,1,18.0,0,94.0,1,14.0,1,23.0,0,28.0,neutral,61.0,male,59.0,0,999,1,30.0,0,999,0,86.0,0,12.0,0,29.0,1,29.0,0,70.0,1,60.0,0,999,-8.77,0,999,asian,1,34.0,0,999,0,2.0,0,47.0,0,20.0,0,30.0,0,84.0,0,94.0,0,53.0,0,77.0,-2.62,1,41.0,extra large,1f1b15,82.0,221f17,90.0,5d3d2b,999,low,extra low,extra thin,average,average,low,extra round,0,none,brown,90.0,0,none,none,thin,short,average,narrow,average,extra thick,extra small,extra straight,wide,0,2d190e,13.0,10100e,2.0,999.0,999.0,999.0,999.0,242018,0.0
135.0,GT,D39A9,0,46.0,34,60.0,0,75.0,0,98.0,0,36.0,1,16.0,0,49.0,1,42.0,1,21.0,1,58.0,1,64.0,0,999,1,35.0,0,999,0,26.0,1,49.0,1,14.0,smile,13.0,male,69.0,0,999,1,36.0,0,53.0,0,78.0,1,14.0,1,3.0,1,48.0,0,34.0,1,43.0,0,36.0,-8.06,0,999,black,1,25.0,0,999,1,5.0,0,86.0,0,40.0,0,56.0,0,18.0,0,82.0,0,72.0,0,52.0,-0.45,0,13.0,average,1b160d,83.0,564d3f,17.0,241b11,999,low,extra low,extra thin,average,far,extra low,extra round,0,none,blond,17.0,0,none,none,very thin,very short,heart,narrow,raised,average,extra small,extra straight,wide,0,080908,25.0,999.0,999.0,999.0,999.0,999.0,999.0,6d604b,1.0
136.0,1.0,D43A1,0,999,17,60.0,0,999,0,59.0,0,11.0,0,35.0,0,65.0,0,95.0,0,88.0,0,71.0,0,84.0,1,17.0,1,96.0,0,52.0,0,999,0,48.0,0,54.0,smile,999,female,74.0,0,999,0,999,0,33.0,0,999,1,76.0,1,88.0,0,999,1,35.0,1,51.0,0,29.0,-9.33,0,88.0,white,0,7.0,0,999,0,999,1,11.0,0,98.0,0,27.0,0,33.0,0,94.0,0,32.0,0,93.0,3.82,1,26.0,average,3b3332,999,58534e,28.0,856863.0,856863.0,average,extra high,extra thin,average,far,high,extra round,0,none,blond,28.0,0,none,none,very thin,short,rect,average,extra raised,extra thick,wide,extra straight,average,0,9fa7c2,7.0,94a9ce,0.0,999.0,999.0,999.0,999.0,648286,0.0
137.0,2.0,D43A1,0,999,17,60.0,0,999,0,45.0,0,39.0,0,79.0,0,70.0,0,999,0,91.0,0,999,0,75.0,1,11.0,1,85.0,1,24.0,0,81.0,0,90.0,0,999,smile,54.0,female,93.0,0,999,0,999,0,76.0,0,999,1,27.0,1,85.0,0,999,1,27.0,1,60.0,0,52.0,-9.69,0,65.0,white,0,49.0,0,999,0,999,1,78.0,0,98.0,0,57.0,0,75.0,0,69.0,0,35.0,0,999,5.99,1,63.0,extra large,47241c,94.0,553e2c,51.0,a8695e,999,average,average,extra thin,average,average,high,extra round,0,none,brown light,51.0,1,very long,none,average,very short,average,extra narrow,extra raised,thick,average,extra straight,extra wide,1,6a3b20,38.0,593622,1.0,999.0,999.0,999.0,999.0,101819,0.0
138.0,3.0,D43A1,0,97.0,13,60.0,0,75.0,0,99.0,0,33.0,0,66.0,0,98.0,0,98.0,0,92.0,0,97.0,0,88.0,0,12.0,1,96.0,1,27.0,0,92.0,0,41.0,0,69.0,neutral,59.0,female,47.0,0,999,0,999,0,50.0,0,999,0,33.0,0,63.0,0,999,1,14.0,1,42.0,0,999,-9.57,0,99.0,white,1,13.0,0,999,0,999,1,1.0,0,62.0,1,4.0,0,79.0,0,999,0,40.0,0,90.0,-4.87,1,14.0,extra large,4b1e17,999,604134,95.0,a56960,999,raised,extra high,extra thin,low,average,average,extra thin,0,none,brown light,95.0,0,short,none,thin,average,extra rect,extra narrow,average,thick,small,extra straight,wide,0,7a513c,6.0,ded3e9,1.0,999.0,999.0,999.0,999.0,324a4e,0.0
139.0,4.0,D43A1,0,999,19,60.0,0,73.0,0,65.0,0,35.0,0,69.0,0,86.0,0,999,0,999,0,999,0,77.0,0,10.0,1,75.0,1,24.0,0,67.0,0,49.0,0,81.0,neutral,26.0,female,61.0,0,999,0,999,0,68.0,0,999,0,19.0,0,72.0,0,999,1,2.0,1,92.0,0,86.0,-10.18,0,999,white,0,19.0,0,999,0,999,1,14.0,0,64.0,0,30.0,0,82.0,0,91.0,0,55.0,0,90.0,-2.14,1,41.0,extra small,65342a,92.0,694b3f,82.0,cf887d,999,average,extra low,extra thin,average,average,extra low,extra round,0,none,brown light,82.0,0,very long,none,average,short,average,extra narrow,raised,extra thin,extra small,extra straight,extra wide,0,8c5e44,17.0,999.0,999.0,999.0,999.0,999.0,999.0,2f464a,0.0
140.0,5.0,D43A1,0,79.0,14,60.0,0,86.0,0,999,0,21.0,0,4.0,0,999,0,51.0,0,999,0,69.0,0,95.0,0,22.0,1,94.0,0,46.0,0,999,0,20.0,0,48.0,neutral,80.0,male,11.0,0,999,0,65.0,0,8.0,0,999,0,54.0,0,53.0,0,74.0,1,41.0,1,19.0,0,63.0,-8.55,0,93.0,white,1,55.0,0,999,0,76.0,0,28.0,0,88.0,0,38.0,0,49.0,0,999,0,75.0,0,62.0,-0.15,0,1.0,extra small,451b18,999,765d5b,53.0,9d635c,999,low,extra high,extra thin,average,average,average,extra thin,0,none,red,53.0,0,very short,none,thin,short,heart,narrow,extra raised,average,average,extra straight,extra wide,0,ad99a9,7.0,ddcee3,1.0,999.0,999.0,999.0,999.0,344e52,1.0
141.0,GT,D43A1,0,999,24,60.0,0,90.0,0,85.0,0,68.0,0,72.0,0,39.0,0,999,0,89.0,0,999,0,73.0,1,67.0,1,69.0,0,56.0,0,999,0,74.0,0,99.0,neutral,54.0,female,83.0,0,999,0,999,0,31.0,0,999,0,31.0,0,42.0,0,999,0,32.0,1,48.0,0,44.0,-9.13,0,72.0,white,0,17.0,0,95.0,0,999,1,50.0,0,94.0,0,7.0,0,78.0,0,73.0,0,27.0,0,999,-0.03,1,20.0,extra small,461c15,999,d6c0b7,70.0,935147.0,935147.0,average,extra low,extra thin,average,average,low,extra round,0,none,blond,70.0,0,short,none,average,short,rect,extra narrow,average,thin,extra small,extra straight,extra wide,0,bb9f97,5.0,ddb3ac,0.0,999.0,999.0,999.0,999.0,2b4245,1.0
142.0,IT,D43A1,0,999,10,60.0,0,999,0,72.0,0,35.0,0,67.0,0,18.0,0,999,0,999,0,77.0,0,89.0,1,33.0,1,87.0,0,14.0,0,999,0,53.0,0,72.0,smile,57.0,female,56.0,0,999,0,999,0,34.0,0,999,1,26.0,1,49.0,0,999,1,22.0,1,58.0,0,46.0,-9.5,0,999,white,0,46.0,0,999,0,999,1,61.0,0,999,0,26.0,0,48.0,0,99.0,0,25.0,0,999,2.34,1,27.0,extra small,432c25,99.0,69686c,59.0,947073.0,947073.0,average,average,extra thin,low,extra far,extra low,extra round,0,none,not natural,59.0,0,short,none,thin,short,extra rect,extra wide,extra raised,thick,wide,extra straight,extra wide,1,1e181a,1.0,999.0,999.0,999.0,999.0,999.0,999.0,dee4e5,0.0
143.0,1.0,D43A2,0,79.0,14,60.0,0,86.0,0,999,0,21.0,0,4.0,0,999,0,51.0,0,999,0,69.0,0,95.0,0,22.0,1,94.0,0,46.0,0,999,0,20.0,0,48.0,neutral,80.0,male,11.0,0,999,0,65.0,0,8.0,0,999,0,54.0,0,53.0,0,74.0,1,41.0,1,19.0,0,63.0,-8.55,0,93.0,white,1,55.0,0,999,0,76.0,0,28.0,0,88.0,0,38.0,0,49.0,0,999,0,75.0,0,62.0,-0.15,0,1.0,extra small,451b18,999,765d5b,53.0,9d635c,999,low,extra high,extra thin,average,average,average,extra thin,0,none,red,53.0,0,very short,none,thin,short,heart,narrow,extra raised,average,average,extra straight,extra wide,0,ad99a9,7.0,ddcee3,1.0,999.0,999.0,999.0,999.0,344e52,1.0
144.0,2.0,D43A2,0,999,24,60.0,0,54.0,0,39.0,0,87.0,0,93.0,0,84.0,0,999,0,60.0,0,999,0,999,1,51.0,1,72.0,0,0.0,0,999,0,95.0,0,999,neutral,91.0,female,94.0,0,999,0,999,0,62.0,0,99.0,0,86.0,0,74.0,0,999,1,1.0,1,21.0,0,32.0,-8.84,0,30.0,white,0,19.0,0,999,0,999,0,15.0,0,4.0,0,29.0,0,999,0,59.0,0,20.0,0,999,1.98,1,44.0,extra small,623b35,78.0,936d57,66.0,daa08e,999,average,average,extra thin,average,extra far,extra low,extra round,0,none,brown light,66.0,0,long,none,average,average,heart,wide,average,extra thin,extra small,extra straight,wide,0,97705a,8.0,a27b65,0.0,999.0,999.0,999.0,999.0,3b585d,1.0
145.0,3.0,D43A2,0,999,08,60.0,0,80.0,0,85.0,0,999,0,48.0,0,73.0,0,91.0,0,87.0,0,999,0,88.0,1,35.0,1,78.0,0,47.0,0,999,0,77.0,0,98.0,neutral,999,female,52.0,0,999,0,97.0,0,27.0,0,98.0,0,88.0,0,80.0,0,999,0,27.0,1,25.0,0,22.0,-8.29,0,43.0,white,1,21.0,0,999,0,999,1,24.0,0,76.0,0,37.0,0,96.0,0,82.0,0,52.0,0,80.0,-0.09,1,12.0,extra small,6a3d34,87.0,7d644d,45.0,aa695f,999,low,extra low,extra thin,average,average,extra low,extra round,0,none,brown light,45.0,0,none,none,thin,short,extra heart,wide,average,extra thin,extra small,extra straight,wide,0,684731,14.0,999.0,999.0,999.0,999.0,999.0,999.0,2f484c,1.0
146.0,4.0,D43A2,0,92.0,24,60.0,0,999,0,81.0,0,47.0,0,74.0,0,63.0,0,85.0,0,999,0,999,0,98.0,1,29.0,1,999,0,30.0,0,95.0,0,68.0,0,96.0,neutral,58.0,female,33.0,0,999,0,98.0,0,40.0,0,999,0,48.0,0,76.0,0,999,1,37.0,1,30.0,0,75.0,-9.74,0,68.0,white,0,28.0,0,999,0,98.0,1,11.0,0,79.0,0,32.0,0,48.0,0,999,0,53.0,0,98.0,-2.45,1,22.0,extra small,5e3832,99.0,927760,73.0,d99c93,999,extra raised,extra high,extra thin,average,extra far,extra high,thin,0,thick,brown light,73.0,0,average,none,thin,short,average,wide,raised,average,extra small,extra straight,wide,0,946653,27.0,756054,1.0,95614e,61.0,999.0,999.0,38555a,1.0
147.0,5.0,D43A2,0,69.0,24,60.0,0,999,0,97.0,0,47.0,0,37.0,0,9.0,0,60.0,0,999,0,60.0,0,999,1,32.0,1,94.0,0,66.0,0,99.0,0,31.0,0,37.0,smile,62.0,male,29.0,0,999,0,86.0,1,15.0,0,999,1,2.0,1,28.0,0,73.0,1,35.0,1,13.0,0,23.0,-7.79,0,71.0,white,0,41.0,0,999,0,83.0,1,25.0,0,85.0,0,80.0,0,37.0,0,999,0,68.0,0,47.0,11.64,0,25.0,extra large,483a3f,999,ddd1c3,50.0,785a54,999,average,extra high,extra thin,low,average,extra high,extra round,0,none,blond,50.0,0,none,none,thin,short,average,narrow,extra raised,average,small,extra straight,wide,0,e3d3c8,7.0,999.0,999.0,999.0,999.0,999.0,999.0,4b5d60,0.0
148.0,GT,D43A2,0,999,24,60.0,0,90.0,0,85.0,0,68.0,0,72.0,0,39.0,0,999,0,89.0,0,999,0,73.0,1,67.0,1,69.0,0,56.0,0,999,0,74.0,0,99.0,neutral,54.0,female,83.0,0,999,0,999,0,31.0,0,999,0,31.0,0,42.0,0,999,0,32.0,1,48.0,0,44.0,-9.13,0,72.0,white,0,17.0,0,95.0,0,999,1,50.0,0,94.0,0,7.0,0,78.0,0,73.0,0,27.0,0,999,-0.03,1,20.0,extra small,461c15,999,d6c0b7,70.0,935147.0,935147.0,average,extra low,extra thin,average,average,low,extra round,0,none,blond,70.0,0,short,none,average,short,rect,extra narrow,average,thin,extra small,extra straight,extra wide,0,bb9f97,5.0,ddb3ac,0.0,999.0,999.0,999.0,999.0,2b4245,1.0
149.0,IT,D43A2,0,999,10,60.0,0,999,0,72.0,0,35.0,0,67.0,0,18.0,0,999,0,999,0,77.0,0,89.0,1,33.0,1,87.0,0,14.0,0,999,0,53.0,0,72.0,smile,57.0,female,56.0,0,999,0,999,0,34.0,0,999,1,26.0,1,49.0,0,999,1,22.0,1,58.0,0,46.0,-9.5,0,999,white,0,46.0,0,999,0,999,1,61.0,0,999,0,26.0,0,48.0,0,99.0,0,25.0,0,999,2.34,1,27.0,extra small,432c25,99.0,69686c,59.0,947073.0,947073.0,average,average,extra thin,low,extra far,extra low,extra round,0,none,not natural,59.0,0,short,none,thin,short,extra rect,extra wide,extra raised,thick,wide,extra straight,extra wide,1,1e181a,1.0,999.0,999.0,999.0,999.0,999.0,999.0,dee4e5,0.0
150.0,1.0,D45A1,999.0,999.0,999.0,999.0,999.0,999.0,999.0,999.0,0,95.0,0,29.0,0,999,0,999,0,80.0,0,90.0,0,81.0,1,20.0,0,8.0,0,31.0,0,999,0,52.0,0,85.0,neutral,73.0,female,76.0,0,999,0,999,0,38.0,0,84.0,0,72.0,0,88.0,0,999,0,999,1,87.0,1,31.0,-8.94,0,999,white,1,45.0,0,999,0,999,1,48.0,0,999,0,25.0,0,86.0,0,51.0,0,53.0,0,65.0,3.33,1,48.0,extra small,663f29,76.0,82461f,57.0,d17b4b,999,average,extra low,extra thin,average,average,extra low,extra round,0,none,red,57.0,0,none,none,thin,short,rect,narrow,low,average,extra small,extra straight,extra wide,0,999.0,999.0,999.0,999.0,999.0,999.0,999.0,999.0,999.0,999.0
151.0,2.0,D45A1,999.0,999.0,999.0,999.0,999.0,999.0,999.0,999.0,0,999,0,61.0,0,53.0,0,999,0,64.0,0,999,0,59.0,1,3.0,0,24.0,0,29.0,0,999,0,88.0,0,999,neutral,78.0,female,93.0,0,999,0,999,0,74.0,0,30.0,0,88.0,0,999,0,999,0,78.0,1,79.0,1,60.0,-9.34,0,72.0,white,0,19.0,0,999,0,999,1,36.0,0,80.0,0,38.0,0,66.0,1,2.0,0,56.0,0,88.0,2.63,1,77.0,small,4b453b,85.0,75644c,80.0,b88a70,999,average,average,extra thin,average,far,average,extra round,0,none,blond,80.0,0,none,none,thin,very short,extra rect,extra wide,extra low,average,extra small,extra straight,average,0,999.0,999.0,999.0,999.0,999.0,999.0,999.0,999.0,999.0,999.0
152.0,3.0,D45A1,999.0,999.0,999.0,999.0,999.0,999.0,999.0,999.0,0,999,0,61.0,0,82.0,0,999,0,47.0,0,999,0,68.0,1,32.0,0,31.0,0,45.0,0,70.0,0,87.0,0,999,neutral,84.0,female,999,0,999,0,93.0,0,68.0,1,15.0,0,70.0,0,77.0,0,99.0,0,48.0,1,77.0,1,8.0,-8.58,0,59.0,white,1,11.0,0,97.0,0,999,1,30.0,0,66.0,0,2.0,0,94.0,1,38.0,0,32.0,0,999,3.66,1,81.0,extra small,6b4c3f,73.0,846c53,76.0,c08a6c,999,average,extra low,extra thin,average,far,extra low,extra round,0,none,blond,76.0,0,average,none,thin,short,heart,average,raised,extra thin,extra small,extra straight,wide,0,999.0,999.0,999.0,999.0,999.0,999.0,999.0,999.0,f5f8fd,9.0
153.0,4.0,D45A1,999.0,999.0,999.0,999.0,999.0,999.0,999.0,999.0,0,999,0,37.0,0,999,0,86.0,0,32.0,0,96.0,0,47.0,0,40.0,0,97.0,1,7.0,0,63.0,0,82.0,0,999,neutral,88.0,female,91.0,0,999,0,76.0,0,83.0,1,53.0,0,83.0,0,96.0,0,88.0,0,999,1,999,1,2.0,-8.55,0,41.0,white,1,50.0,0,86.0,0,90.0,1,64.0,0,999,0,6.0,0,999,1,59.0,0,49.0,0,70.0,1.52,1,999,extra small,5a4237,52.0,5b3620,49.0,bf8264,999,average,extra low,extra thin,average,extra far,low,extra round,0,none,brown light,49.0,0,none,none,thin,short,rect,average,average,thin,extra small,extra straight,extra wide,0,999.0,999.0,999.0,999.0,999.0,999.0,999.0,999.0,999.0,999.0
154.0,5.0,D45A1,999.0,999.0,999.0,999.0,999.0,999.0,999.0,999.0,0,61.0,0,61.0,0,79.0,0,96.0,0,85.0,0,99.0,0,97.0,1,19.0,1,30.0,1,12.0,0,999,0,84.0,0,999,neutral,64.0,female,40.0,0,999,0,999,0,66.0,0,999,0,66.0,0,75.0,0,999,0,60.0,1,56.0,0,23.0,-9.26,0,999,white,1,1.0,0,999,0,999,1,69.0,0,999,0,50.0,0,84.0,0,85.0,0,56.0,0,76.0,0.85,1,63.0,small,564c47,87.0,7a623f,54.0,c29072,999,average,extra low,extra thin,average,extra far,extra low,extra round,0,none,blond,54.0,0,average,none,thin,short,rect,extra wide,low,average,extra small,extra straight,average,0,999.0,999.0,999.0,999.0,999.0,999.0,999.0,999.0,999.0,999.0
155.0,6.0,D45A1,999.0,999.0,999.0,999.0,999.0,999.0,999.0,999.0,0,16.0,0,53.0,0,999,0,999,0,77.0,0,72.0,0,81.0,1,57.0,0,14.0,0,47.0,0,90.0,0,81.0,0,99.0,smile,2.0,female,92.0,0,999,0,999,0,56.0,0,83.0,0,2.0,0,66.0,0,999,0,65.0,1,83.0,1,13.0,-9.29,0,93.0,white,1,3.0,0,999,0,999,1,84.0,0,999,0,62.0,0,83.0,0,39.0,0,45.0,0,74.0,7.34,1,74.0,extra small,564d3c,78.0,fbfae9,29.0,c79973,999,average,extra low,extra thin,average,far,extra low,extra round,0,none,blond,29.0,0,short,none,very thin,thick,extra rect,average,average,average,small,extra straight,extra wide,0,999.0,999.0,999.0,999.0,999.0,999.0,999.0,999.0,999.0,999.0
156.0,GT,D45A1,999.0,999.0,999.0,999.0,999.0,999.0,999.0,999.0,0,999,0,81.0,1,33.0,0,999,0,68.0,0,999,0,81.0,1,60.0,0,4.0,0,39.0,0,999,0,81.0,0,999,neutral,999,female,83.0,0,999,0,999,0,23.0,0,52.0,0,88.0,0,84.0,0,999,0,77.0,1,52.0,1,24.0,-8.57,0,37.0,white,0,46.0,0,93.0,0,999,1,57.0,0,67.0,0,21.0,0,999,0,6.0,0,28.0,0,79.0,9.28,1,2.0,extra small,7b6452,75.0,796040,87.0,c19175,999,average,extra low,extra thin,average,average,average,extra round,0,none,blond,87.0,0,short,none,thin,short,extra rect,average,average,extra thin,extra small,extra straight,average,1,999.0,999.0,999.0,999.0,999.0,999.0,999.0,999.0,f1f7f9,6.0
157.0,1.0,D46A1,999.0,999.0,999.0,999.0,999.0,999.0,999.0,999.0,0,6.0,0,89.0,0,59.0,1,37.0,0,82.0,0,30.0,0,0.0,0,95.0,1,3.0,1,47.0,1,6.0,0,36.0,0,72.0,neutral,82.0,male,90.0,0,999,1,1.0,0,94.0,0,81.0,0,69.0,1,7.0,1,5.0,0,18.0,1,40.0,0,97.0,-9.72,0,999,white,0,77.0,0,999,0,2.0,1,25.0,0,29.0,0,999,0,999,0,91.0,0,999,0,16.0,-7.39,1,24.0,extra large,2d2318,97.0,161108,90.0,9f7e63,999,average,average,extra thin,average,average,high,extra round,0,thick,black,90.0,1,very short,none,thin,short,extra rect,extra narrow,extra low,average,extra small,extra straight,average,0,4f4336,23.0,999.0,999.0,58462c,63.0,999.0,999.0,2b3813,0.0
158.0,2.0,D46A1,999.0,999.0,999.0,999.0,999.0,999.0,999.0,999.0,0,38.0,0,999,1,63.0,0,69.0,0,55.0,0,61.0,0,14.0,0,999,0,70.0,1,52.0,1,38.0,0,94.0,0,999,neutral,999,male,66.0,0,999,0,93.0,0,999,0,94.0,0,90.0,0,88.0,0,82.0,0,75.0,1,50.0,0,44.0,-10.14,0,68.0,white,0,999,0,99.0,0,92.0,1,50.0,0,61.0,0,69.0,0,90.0,0,90.0,0,85.0,0,34.0,3.74,1,97.0,extra small,442b1c,58.0,211809,96.0,a76f5b,999,average,low,extra thin,average,far,low,extra round,0,none,brown,96.0,1,none,none,very thin,thick,average,average,extra low,thin,extra small,extra straight,wide,0,f7f6fe,38.0,999.0,999.0,999.0,999.0,999.0,999.0,1f2a0d,1.0
159.0,3.0,D46A1,999.0,999.0,999.0,999.0,999.0,999.0,999.0,999.0,1,34.0,0,96.0,0,78.0,1,21.0,0,23.0,1,4.0,1,45.0,0,999,0,85.0,1,2.0,1,33.0,0,70.0,0,85.0,neutral,97.0,male,999,0,999,0,27.0,0,999,0,99.0,0,80.0,1,2.0,0,19.0,0,70.0,0,8.0,0,74.0,-9.19,0,49.0,white,0,67.0,0,999,0,26.0,1,77.0,0,75.0,0,999,0,999,0,99.0,0,96.0,1,7.0,4.38,1,62.0,extra small,2e1610,69.0,1f0f09,97.0,9d5549,999,extra low,extra high,extra thin,average,average,extra high,extra round,0,none,brown,97.0,0,none,none,very thin,thick,extra heart,extra narrow,extra raised,extra thick,small,extra straight,extra wide,0,fde9e0,35.0,999.0,999.0,999.0,999.0,999.0,999.0,1e2414,1.0
160.0,4.0,D46A1,999.0,999.0,999.0,999.0,999.0,999.0,999.0,999.0,0,31.0,0,999,0,95.0,1,30.0,0,29.0,0,21.0,1,14.0,0,999,0,95.0,1,25.0,1,58.0,0,80.0,0,999,neutral,999,male,999,0,999,0,25.0,0,999,0,98.0,0,999,0,59.0,0,14.0,0,999,1,9.0,0,65.0,-10.05,0,38.0,hispanic,0,81.0,0,95.0,0,23.0,1,45.0,0,46.0,0,88.0,0,999,0,999,0,89.0,0,0.0,-2.67,1,81.0,extra small,612f15,46.0,452614,98.0,e58954,999,average,average,extra thin,average,close,average,extra round,0,none,brown,98.0,0,none,none,thin,very thick,extra heart,average,low,thick,extra small,extra straight,wide,0,9e5f3a,6.0,4b3223,0.0,999.0,999.0,999.0,999.0,2a2710,1.0
161.0,5.0,D46A1,999.0,999.0,999.0,999.0,999.0,999.0,999.0,999.0,1,17.0,0,999,1,91.0,0,11.0,0,45.0,0,18.0,0,3.0,0,999,0,89.0,1,35.0,1,64.0,0,90.0,0,999,neutral,999,male,999,0,999,0,49.0,0,999,0,97.0,0,85.0,0,75.0,0,40.0,0,18.0,1,12.0,0,35.0,-10.07,0,46.0,white,0,999,0,99.0,0,40.0,1,40.0,0,30.0,0,999,0,71.0,0,999,0,999,0,6.0,-3.08,1,88.0,extra small,2d1913,82.0,180f0a,95.0,af735d,999,average,extra low,extra thin,average,average,extra low,round,0,none,black,95.0,1,none,none,very thin,average,extra heart,average,average,average,extra small,extra straight,wide,0,faebe2,18.0,999.0,999.0,999.0,999.0,999.0,999.0,283118,1.0
162.0,6.0,D46A1,999.0,999.0,999.0,999.0,999.0,999.0,999.0,999.0,1,23.0,0,999,1,53.0,0,26.0,0,35.0,0,6.0,1,5.0,0,94.0,0,74.0,1,2.0,1,59.0,0,92.0,0,999,neutral,999,male,999,0,999,0,74.0,0,999,0,92.0,0,77.0,0,999,0,54.0,0,30.0,1,12.0,0,25.0,-8.63,0,50.0,white,0,999,0,91.0,0,64.0,0,25.0,1,18.0,0,92.0,0,50.0,0,999,0,85.0,0,29.0,-2.44,1,85.0,extra small,190b07,80.0,1e1511,87.0,ba715a,999,average,average,extra thin,average,average,average,extra round,0,thick,black,87.0,1,very short,none,thin,very thick,extra heart,extra narrow,average,average,extra small,extra straight,extra wide,0,999.0,999.0,999.0,999.0,794327,74.0,999.0,999.0,343d1f,1.0
163.0,7.0,D46A1,999.0,999.0,999.0,999.0,999.0,999.0,999.0,999.0,1,3.0,0,999,1,52.0,1,21.0,0,56.0,0,4.0,1,41.0,0,999,0,86.0,0,8.0,1,999,0,63.0,0,90.0,neutral,999,male,999,0,999,0,17.0,0,999,0,89.0,0,84.0,0,66.0,0,6.0,0,37.0,1,26.0,0,88.0,-10.78,0,42.0,white,0,999,0,75.0,0,13.0,1,5.0,1,1.0,0,94.0,0,57.0,0,95.0,0,91.0,0,4.0,-3.82,1,67.0,extra large,341b0f,71.0,140b06,98.0,c0774f,999,low,low,extra thin,average,extra close,extra high,extra round,0,none,black,98.0,1,very short,none,very thin,average,heart,narrow,extra low,average,extra small,extra straight,extra wide,0,7c4e34,11.0,84704e,0.0,999.0,999.0,999.0,999.0,262912,1.0
164.0,8.0,D46A1,999.0,999.0,999.0,999.0,999.0,999.0,999.0,999.0,1,5.0,0,999,1,60.0,1,30.0,0,57.0,0,11.0,1,50.0,0,999,0,53.0,0,21.0,1,61.0,0,70.0,0,999,neutral,999,male,999,0,999,0,6.0,0,999,0,90.0,0,79.0,0,78.0,0,1.0,0,30.0,1,19.0,0,66.0,-10.29,0,55.0,white,0,999,0,84.0,0,3.0,0,1.0,1,0.0,0,98.0,0,74.0,0,96.0,0,90.0,0,27.0,-1.78,1,63.0,extra small,382a28,73.0,1b1613,99.0,a46e63,999,average,extra high,extra thin,low,far,extra high,round,0,thick,black,99.0,1,very short,none,thin,thick,extra heart,extra narrow,extra low,average,extra small,extra straight,wide,0,fffaf7,46.0,999.0,999.0,61473b,68.0,999.0,999.0,2b3523,1.0
165.0,GT,D46A1,999.0,999.0,999.0,999.0,999.0,999.0,999.0,999.0,1,28.0,0,93.0,0,55.0,1,2.0,0,12.0,1,44.0,1,999,0,97.0,0,90.0,0,999,1,58.0,0,33.0,0,56.0,neutral,87.0,male,95.0,0,999,0,43.0,0,999,0,90.0,0,68.0,0,82.0,0,19.0,0,77.0,1,14.0,0,42.0,-7.85,0,68.0,white,0,63.0,0,98.0,0,49.0,1,35.0,0,60.0,0,87.0,0,78.0,0,88.0,0,86.0,1,13.0,-2.1,1,45.0,extra small,433734,78.0,1e1a19,87.0,a0706a,999,average,extra low,extra thin,average,far,extra low,extra round,0,thick,black,87.0,0,none,thick,very thin,very thick,average,average,average,extra thin,extra small,extra straight,extra wide,1,999.0,999.0,999.0,999.0,5a4234,56.0,45332f,51.0,3c442f,1.0
166.0,IT,D46A1,999.0,999.0,999.0,999.0,999.0,999.0,999.0,999.0,1,20.0,0,999,0,52.0,0,86.0,0,32.0,0,2.0,1,999,0,98.0,0,98.0,0,93.0,1,97.0,0,74.0,0,999,neutral,999,male,77.0,0,999,0,999,0,999,0,84.0,0,76.0,0,78.0,0,89.0,0,16.0,1,11.0,0,8.0,-9.18,0,62.0,white,0,81.0,0,999,0,999,1,65.0,0,56.0,0,75.0,0,999,0,80.0,0,95.0,1,10.0,3.02,1,999,extra small,5f432d,52.0,443223,41.0,c47b6f,999,average,extra low,extra thin,average,average,extra low,extra round,0,none,brown,41.0,0,very short,none,average,very thick,extra heart,narrow,average,average,extra small,extra straight,wide,0,463c3a,12.0,999.0,999.0,999.0,999.0,999.0,999.0,384124,1.0
167.0,1.0,D46A2,999.0,999.0,999.0,999.0,999.0,999.0,999.0,999.0,0,61.0,0,999,0,96.0,0,5.0,0,78.0,0,82.0,1,44.0,0,999,0,1.0,0,16.0,1,2.0,0,89.0,0,999,neutral,999,male,95.0,0,999,0,53.0,0,999,0,93.0,0,83.0,0,46.0,0,52.0,0,19.0,0,7.0,0,91.0,-9.73,0,36.0,white,0,77.0,0,89.0,0,53.0,1,63.0,0,97.0,0,78.0,0,71.0,0,999,0,999,0,25.0,6.49,1,60.0,extra large,200d09,89.0,150c06,79.0,a05845,999,average,average,extra thin,average,close,average,extra round,0,none,black,79.0,0,very short,none,thin,short,heart,extra narrow,extra low,average,extra small,extra straight,average,0,5f3922,9.0,999.0,999.0,999.0,999.0,999.0,999.0,232b14,0.0
168.0,2.0,D46A2,999.0,999.0,999.0,999.0,999.0,999.0,999.0,999.0,1,40.0,0,999,0,90.0,1,11.0,0,66.0,0,20.0,1,13.0,0,94.0,0,95.0,1,17.0,1,93.0,0,79.0,0,999,neutral,99.0,male,95.0,0,999,0,39.0,0,999,0,91.0,0,79.0,0,97.0,0,32.0,0,31.0,1,35.0,0,76.0,-9.61,0,51.0,white,0,79.0,0,96.0,0,32.0,1,68.0,0,79.0,0,93.0,0,999,0,98.0,0,999,1,15.0,4.13,1,76.0,small,3a251c,81.0,231206,75.0,ab6051,999,average,extra low,extra thin,average,average,average,round,0,none,brown,75.0,0,very short,none,very thin,short,heart,extra narrow,extra low,thin,extra small,extra straight,extra wide,0,6d3d31,21.0,999.0,999.0,999.0,999.0,999.0,999.0,2b3519,0.0
169.0,3.0,D46A2,999.0,999.0,999.0,999.0,999.0,999.0,999.0,999.0,1,14.0,0,999,0,32.0,0,89.0,0,65.0,0,42.0,0,38.0,0,999,0,80.0,1,70.0,1,65.0,0,97.0,0,999,neutral,999,male,70.0,0,999,0,999,0,999,0,88.0,0,69.0,0,97.0,0,999,0,42.0,1,36.0,0,64.0,-9.02,0,32.0,white,0,999,0,88.0,0,999,1,40.0,0,25.0,0,90.0,0,999,0,83.0,0,89.0,0,12.0,2.2,1,83.0,small,2d1812,83.0,291a11,91.0,b76f61,999,average,average,extra thin,average,average,extra high,extra round,0,thick,brown,91.0,0,none,none,thin,short,heart,extra narrow,average,thin,extra small,extra straight,extra wide,0,050103,25.0,999.0,999.0,764e37,55.0,999.0,999.0,3c4826,1.0
170.0,4.0,D46A2,999.0,999.0,999.0,999.0,999.0,999.0,999.0,999.0,0,31.0,0,46.0,0,999,0,96.0,0,80.0,0,51.0,0,26.0,0,85.0,0,24.0,1,16.0,0,68.0,0,54.0,0,66.0,neutral,999,male,35.0,0,999,0,999,0,48.0,0,94.0,0,61.0,0,82.0,0,999,0,999,1,43.0,0,91.0,-9.52,0,25.0,white,1,39.0,0,77.0,0,999,1,45.0,0,86.0,0,59.0,0,999,0,85.0,0,71.0,0,19.0,2.41,1,9.0,extra small,4e2920,82.0,3a1e11,49.0,a65a4e,999,low,low,extra thin,low,average,average,extra round,0,none,brown,49.0,0,none,none,very thin,short,heart,extra narrow,average,thin,extra small,extra straight,extra wide,0,794e38,3.0,999.0,999.0,999.0,999.0,999.0,999.0,383521,1.0
171.0,5.0,D46A2,999.0,999.0,999.0,999.0,999.0,999.0,999.0,999.0,1,31.0,1,38.0,0,999,0,49.0,0,999,0,7.0,0,999,0,45.0,0,43.0,0,45.0,0,72.0,0,4.0,0,17.0,neutral,999,male,87.0,0,999,0,77.0,1,63.0,0,89.0,0,87.0,0,95.0,0,55.0,0,66.0,0,0.0,0,44.0,-9.41,0,38.0,white,1,70.0,0,97.0,0,79.0,1,37.0,0,999,0,999,0,999,0,999,0,999,1,57.0,2.26,0,49.0,large,2b1914,96.0,dc976e,61.0,a46359,999,average,average,extra thin,low,extra close,extra high,extra round,0,none,blond,61.0,1,none,none,very thin,very short,extra heart,extra narrow,extra low,thin,extra small,extra straight,extra wide,0,40221f,17.0,999.0,999.0,999.0,999.0,999.0,999.0,2a311d,0.0
172.0,6.0,D46A2,999.0,999.0,999.0,999.0,999.0,999.0,999.0,999.0,1,14.0,0,41.0,0,999,1,8.0,0,81.0,0,32.0,1,7.0,0,87.0,0,40.0,0,33.0,0,7.0,0,47.0,0,71.0,neutral,999,male,999,0,999,0,35.0,0,62.0,0,91.0,0,78.0,0,94.0,0,33.0,0,29.0,1,14.0,0,77.0,-9.32,0,54.0,white,1,19.0,0,999,0,36.0,1,60.0,0,999,0,86.0,0,999,0,999,0,999,1,28.0,-4.66,1,22.0,large,452920,86.0,f0bd9f,69.0,b87064,999,average,extra low,extra thin,extra low,average,average,round,0,thick,blond,69.0,1,none,none,very thin,very short,rect,extra narrow,extra low,average,extra small,extra straight,extra wide,0,fdf9f5,36.0,999.0,999.0,785341,63.0,999.0,999.0,313b1f,0.0
173.0,7.0,D46A2,999.0,999.0,999.0,999.0,999.0,999.0,999.0,999.0,1,22.0,0,84.0,0,999,1,11.0,0,74.0,0,19.0,1,59.0,0,999,0,17.0,0,46.0,0,13.0,0,49.0,0,64.0,neutral,999,male,99.0,0,999,0,40.0,0,81.0,0,90.0,0,75.0,0,98.0,0,27.0,1,6.0,0,38.0,0,88.0,-9.27,0,22.0,white,0,41.0,0,95.0,0,33.0,1,70.0,0,95.0,0,999,0,96.0,0,97.0,0,999,1,26.0,0.74,1,5.0,extra small,321f17,95.0,493521,52.0,ce8660,999,average,extra high,extra thin,average,average,extra high,round,0,none,blond,52.0,0,none,thick,thin,average,extra heart,wide,extra raised,extra thin,small,extra straight,wide,0,8f6147,16.0,999.0,999.0,999.0,999.0,8b5434,70.0,242c16,1.0
174.0,8.0,D46A2,999.0,999.0,999.0,999.0,999.0,999.0,999.0,999.0,1,37.0,0,94.0,0,999,1,35.0,0,34.0,0,7.0,0,38.0,0,96.0,0,62.0,1,68.0,1,36.0,0,69.0,0,93.0,neutral,999,male,91.0,0,999,0,6.0,0,999,0,89.0,0,72.0,0,76.0,0,1.0,0,38.0,0,16.0,0,84.0,-9.67,0,61.0,white,0,70.0,0,999,0,5.0,1,34.0,0,48.0,0,96.0,0,99.0,0,91.0,0,99.0,0,15.0,0.15,1,51.0,extra small,1d100d,89.0,2c1a10,83.0,b47063,999,average,low,extra thin,average,far,high,extra round,0,thick,brown,83.0,0,none,thick,thin,short,heart,extra narrow,raised,thin,small,extra straight,extra wide,0,fef7f1,39.0,999.0,999.0,653c2a,61.0,6c4337,54.0,2a311d,0.0
175.0,GT,D46A2,999.0,999.0,999.0,999.0,999.0,999.0,999.0,999.0,1,48.0,0,31.0,0,999,0,50.0,0,43.0,1,31.0,0,16.0,0,95.0,0,999,0,19.0,1,39.0,0,13.0,0,29.0,neutral,999,male,999,0,999,0,88.0,0,25.0,0,999,0,87.0,0,88.0,0,57.0,0,99.0,1,31.0,0,28.0,-9.64,0,70.0,white,1,23.0,0,999,0,96.0,1,36.0,0,93.0,0,80.0,0,999,0,999,0,999,1,57.0,-0.21,1,1.0,small,422c28,77.0,3f3024,64.0,97645d,999,average,average,extra thin,extra low,average,high,extra round,0,thick,brown,64.0,0,none,none,thin,short,heart,narrow,raised,average,extra small,extra straight,extra wide,0,fff2e7,29.0,999.0,999.0,55433e,56.0,999.0,999.0,999.0,999.0
176.0,IT,D46A2,999.0,999.0,999.0,999.0,999.0,999.0,999.0,999.0,1,13.0,0,62.0,0,999,0,46.0,0,71.0,0,8.0,0,39.0,0,999,0,999,1,23.0,1,60.0,0,40.0,0,43.0,neutral,999,male,999,0,999,0,92.0,0,33.0,0,99.0,0,96.0,0,97.0,0,63.0,0,999,1,13.0,0,54.0,-8.06,0,10.0,white,0,17.0,0,90.0,0,94.0,1,26.0,0,51.0,0,94.0,0,999,0,999,0,999,1,60.0,12.66,0,2.0,extra small,5a3120,58.0,7f4f30,28.0,b35041,999,average,extra low,extra thin,average,average,high,extra round,0,none,red,28.0,0,none,none,thin,average,heart,extra narrow,average,extra thin,extra small,extra straight,extra wide,0,1f1716,17.0,51433a,1.0,999.0,999.0,999.0,999.0,373b1f,1.0
